VCMX25_EBF HVT_EBF HVB_EBF CWPVT_EBF Z0MVT_EBF WLTSMC_CL REFSMC_CL MAXSMC_CL SATDK_CL
90.48722103710955 34.14794472098201 2.204173631176832 2.6095950573901385 0.3028545918892146 0.17337082781086435 0.16897513302052608 0.471188901795558 0.00041088186845850047
33.0553996983528 51.41839932904899 11.940532594564703 3.5439566706755583 1.686750385199849 0.2312854030186988 0.30231430448262064 0.7091006700316855 7.237312749739196e-05
97.6745848911252 21.345338051577876 3.878867279433908 1.99672263875781 0.8482458623417608 0.17400931749165888 0.43618906487981723 0.5216553275646696 7.204538016792968e-05
85.06194693590182 10.091318603605126 3.4211203795552 2.5829041552861187 0.5720889902033333 0.036646438916771315 0.26295284482135317 0.682903466752252 0.0002810630891860554
46.122376884973136 27.198219764377402 9.485139258863915 0.47849394530018097 1.2735133421093512 0.20924499889532977 0.23788510304295418 0.5983409406227094 0.0002925407691416091
89.69135041125625 20.802015298386387 2.1139737251722788 4.928617628727809 1.795172838645114 0.14990297787741697 0.42335728465766265 0.5043425486486063 0.000386396978560067
82.01339288626454 33.77046523293322 9.387837782355417 3.9411993375582903 1.203212475516898 0.11865471171066781 0.36705680917939154 0.4574369736005109 0.0003089823864284976
108.41436702058292 10.529434691854888 1.16406602923328 1.4788459846693962 0.8939064293878252 0.09554655093820139 0.44968066366185355 0.5798931563217398 2.3479421544015904e-05
90.96580700391411 28.150858515125766 10.785771925263123 3.6986088733759255 0.8690551023678132 0.2594182594109635 0.41966760903462297 0.5128346866312434 0.0004488373097678109
104.83071955645194 33.241495304484104 5.301810474216044 2.1923537067513013 1.2112910801513326 0.06975344023365997 0.2663645138014396 0.526427098427847 7.024276555586704e-05
76.24794575005504 34.8421905154171 4.57421373684699 5.067343917166408 1.7484200257896874 0.09230901282954103 0.2364125911510218 0.49785330142906337 5.2229907537083946e-05
43.94870854086995 13.638204584994622 5.125366954921499 4.705179166975324 0.9878502824308018 0.12557958318479104 0.15184364743417433 0.586978742259717 0.00047357058460597423
34.276806121906006 9.606177253841157 4.546623574835945 1.0219049969106098 0.6917412798560016 0.24046061542480465 0.23388785383587737 0.5087932897009652 0.0004931211714733611
101.88269857414893 43.18560113432036 0.5308573891944719 2.9741331518307845 1.3771009774592655 0.20219673022331933 0.3926415033897246 0.672026774925491 0.00015166668132019832
45.90218439642922 18.976216073648068 0.5844233721966368 0.7219261790291416 1.8465790956964603 0.06741336916649407 0.4262905293827678 0.5362882317023047 0.00014383635439594453
79.01563154164123 28.049631959324508 12.142664865841152 0.287165569000856 1.7901619672250515 0.12133730381456095 0.15974324641513873 0.6231191769492576 0.00030426819601487453
30.323879263577734 29.61679797922407 0.9845002267069758 1.0526435435073382 0.9516516613035872 0.07629101661422405 0.2826571149813183 0.7362163230383251 8.404908136477181e-05
104.89267713183418 20.531551918468296 9.305627612666909 0.21408796767625282 0.8336293412319329 0.09641241216300889 0.15836645698588925 0.7456628103741769 0.00042967914467482884
72.29669002854965 21.652292733278017 13.391425264694309 3.1179162180053335 0.6497796361343041 0.08784385455147088 0.19047673068330112 0.6307584175265676 0.00028676553926658746
92.47033531422653 50.53526063126387 13.81281418555483 1.7394736169038634 0.32428763929760024 0.18886302750819023 0.16213660924036843 0.7439286956285082 0.00013311165741540517
46.30021261691165 39.51657930175183 1.9372601668064897 2.258247601509423 1.6039383665914442 0.22366623289254955 0.22174701278872888 0.4545721605259548 0.00024737055851623165
53.318745884439366 28.822237567982647 3.665054014662869 1.2680496254359492 0.5580714032731666 0.2534484112721759 0.20611396245636573 0.5671301353206623 0.00011520970034676021
53.00011211362125 45.8143473576802 13.681387114064723 3.8990949783839803 1.7555003599340997 0.2302170058898126 0.36418850003165476 0.48300330842528066 0.00019687000330955768
58.3352382108461 39.35156926731769 4.209360510296166 2.9414478295054214 1.620059875678407 0.10114665519278761 0.18552572240493764 0.7116282827933696 0.00024062588259651785
51.90331428302299 36.883599381209535 14.549837358605705 1.4601159325779967 0.8244224547241907 0.12462003357873797 0.2722336376065113 0.49827414443950085 3.649345666272073e-05
74.38693090437513 41.08869018986411 11.19580093029455 3.611814942769895 0.4761183187751631 0.17964520837569609 0.1979401232587481 0.6609560423694572 0.0004944141967345931
35.04796432518467 46.97911369121121 8.642374227029576 2.8475093318543094 0.4724076843785254 0.11298000676152165 0.27854837693340295 0.7376623729430154 0.00028161812968942204
69.21308722183133 37.21164947149079 6.0989924660080295 4.176829536845506 1.258441794112951 0.07545526615908237 0.16842327647090816 0.46725959152034896 4.887403333027638e-05
102.82019142412567 22.13171477997306 12.136167976943884 3.561569394591297 1.2366630512880001 0.24412709102818383 0.2920918851373807 0.7448691848016407 2.8022509912156038e-05
63.48849986646803 20.462199613477615 6.412962561858088 3.043030034807805 1.718999344308289 0.08975775651803751 0.32276355516271926 0.6089736193358629 0.00040923617554659814
60.73261245937025 46.33509702905843 4.283523377611956 1.6748309195903928 0.37790400998492557 0.08883972587655381 0.3489952636972966 0.6907427677532488 0.0004323217300714188
91.7914451420523 29.55764655421678 3.4724309745997886 1.7418932994449812 0.9305437422680016 0.09382819105949919 0.3514299752228087 0.5365698557952953 9.428903870269206e-05
52.62465879557417 10.226087486587112 0.16100547865173656 1.4710626384403904 0.44224935815807975 0.049924122327354895 0.4331162003602381 0.7164518767492882 0.0004415788821258854
39.441680982653345 32.08461520183704 6.927763223926974 0.5231092080959514 1.2473669985557723 0.02544454473597077 0.20454182464961848 0.6794706582355148 0.00046859808313920383
47.031766706181045 54.32829178866123 13.6660017390433 5.3229436801654355 1.8614506092126535 0.0317033688375602 0.2952975663574124 0.6351336634617741 0.00041633459360704647
72.30109390272207 35.26782923438947 2.740268764720684 4.385907688687317 0.46510596428414364 0.20986888170565834 0.32521950164682323 0.71407374813979 0.0002690477563757367
32.201046298579534 42.31097287747201 2.141429721591232 4.642615338770123 0.6902292453974282 0.05083707748097166 0.3867460855660514 0.5757304723632706 6.0942762974960053e-05
74.1410091077507 35.51672140387626 3.595889819674738 2.6534654947438354 0.337794892411964 0.05411807292479591 0.25968195776011516 0.4530316001682735 6.03544745953972e-05
119.4924876507246 37.558161027615796 11.77998064127477 0.17514936110221524 1.9862548479726758 0.21804287907328138 0.27301293833646567 0.46822743876194906 0.00012184279738387521
66.38880446409276 50.84030322152593 0.15463490145578007 5.210102531037657 1.721870379948796 0.1324849698602475 0.3721233765563731 0.5273432461613514 0.0001041243045220896
55.18162134024925 51.90117962802672 0.6672329921227776 3.1510493243999096 1.4578710539612785 0.18795039153840767 0.24449699418449677 0.6480866661898123 5.820664452408099e-05
69.48356180044408 29.596024879833433 11.227875218806364 4.440679497678148 1.7857510738502054 0.09613120713632793 0.1512045639285586 0.7233474717788022 9.34399985770716e-05
55.41380246573759 49.59791129082387 4.556404475094014 3.676495426893003 0.7920577406955348 0.0946235755952019 0.21563415617276088 0.575604743719871 3.290216729455151e-05
98.09580654803356 54.258371762903934 6.969556201652889 5.237602551839547 1.3174318486707077 0.15390842372387417 0.1876529797486223 0.6549659250900501 0.0004870539379505529
43.2752411120906 22.106440660672035 5.053546924341743 0.8025382112258553 0.6802227985263195 0.029547668628073315 0.2814060070603559 0.46277809577383405 0.00036493643761807335
42.000385365426325 47.95597143560484 4.264038669872258 3.0230054092323195 1.730409662082624 0.22083452395678072 0.17629336894638953 0.7251216931724318 3.757553689549382e-05
107.62719512423948 22.39867816757923 2.9968005659778454 4.772062322410139 1.1687858627004148 0.23311456857458662 0.3705861327332783 0.4853622169689417 0.00040381289148920595
108.5379599588915 11.322969356409017 3.764575519409349 3.422117572873912 1.3092122008259068 0.06542230655005597 0.29997994076052187 0.5288378980954178 0.00023758163087579933
41.50746575249307 51.719100978645066 13.017421619074572 4.184633312751429 0.6138848378342776 0.07476120820077208 0.38135256070887724 0.6275048231518882 0.0004529558970797482
91.18789564133046 49.40930594497056 6.313706025178067 0.6563395991449477 1.4298150982540263 0.122768198900042 0.19940016398752258 0.49993590442511404 0.0004586305592237826
52.875254347201746 45.126664332006534 7.094628833078328 4.5463852666014715 0.7181097349290828 0.13681315740155162 0.29719985788807995 0.4875888073654562 0.0003289773797436486
113.47874707931949 27.447535645682176 1.6151911285901055 0.7263607662151765 0.4875559115064434 0.04031872649447872 0.3898929038940555 0.5816694687579489 3.183497412784781e-05
71.8465955293627 28.74763852993903 6.117565639382088 0.16936842052216147 1.5338904371006152 0.10432196625810114 0.4474400432718013 0.5299285028383305 0.00019576885628009287
87.60180640779998 45.413204710933435 3.7242325621569083 2.2702823366641494 1.909697878752206 0.24612278282755728 0.3278249258636091 0.7150192361777001 5.5203652109546856e-05
37.40978082223674 12.21679466870254 3.2268350814063886 3.5380374770578364 0.5420089723701131 0.13726218578129562 0.43931426553663266 0.645904624549823 0.0003770718588714282
86.49727238443204 38.704085137512635 12.254995529723775 3.1830771036230097 1.405104733574997 0.22021397743293242 0.31513853344673415 0.6115501484685231 0.0004016536064508599
119.3044930623507 54.741598694884246 1.6421734779287775 3.3542915738378896 1.124515827494296 0.09427537362955257 0.390903022098598 0.6212522666930135 0.00018557536727601922
38.52938704619591 42.216057278374336 3.3416256125749038 3.2531480426942156 1.2774131575709207 0.13091795037671194 0.36245527484234835 0.5491390534441076 0.0001299613897435366
50.666802476339754 32.424048386412636 9.796443280986166 2.683543282173118 1.5500830430834902 0.025887844563371315 0.3256106637274978 0.5004300095013201 0.00022467908775254732
64.54897248121743 41.75876484512606 14.621917416399592 4.446713196825736 0.6615514111667706 0.07937998213466821 0.25370881041966875 0.5502340663631531 0.0004349719884106176
38.42051494778126 39.84070567461437 6.372742533310117 4.868175640914363 1.3452881175078313 0.09480989136685677 0.26572996718831005 0.5464046984805906 0.00033995247222458086
33.983290198344 54.4602936209705 12.034820794061428 4.369488937709225 1.2156583339735623 0.1486803754023689 0.39778475115153233 0.7486240934264536 0.00030600084776852775
83.91367817546399 45.0458647439444 10.818505028645948 1.9815976599683505 0.7203079131363301 0.02768541181316722 0.2749007359750509 0.561108687899495 6.16467278859413e-05
72.70749309981775 47.32280258996841 0.6571198447529686 2.3592293097610346 0.9661736538621459 0.17425900741720768 0.2635387689924942 0.6146369844809302 9.838828867427868e-05
48.05778284815389 24.955651397786596 9.747855528118498 2.4146950545475807 0.3111483946120824 0.15597420461119516 0.3415495900519321 0.5401978197239716 0.00047463211172796787
91.64364383902148 44.99229629082814 12.674469204967076 3.377230377958496 1.0669228357648979 0.021581045630614356 0.2769512580598159 0.6185324483299964 0.0003441610854191867
40.004509915852864 42.97134253284151 9.316914095612164 3.9247455461397913 0.8009281620253044 0.12712549071614093 0.17944989351006274 0.6034843443024609 0.0003266315812431338
90.13679103216461 26.045415626280004 12.413347585238213 1.2238143009963698 0.67801570872475 0.10484221340919851 0.4202686188802931 0.5319447287036014 0.00015938659754598277
100.79250526152894 15.842416827675034 7.896185064278937 0.8879763123344064 0.9085303410991541 0.041047435131867135 0.3541934380807382 0.551328856643369 0.0004386398251834669
118.94217618299152 19.66031255960543 7.845444473195039 2.825473980458583 1.910336324872823 0.12359297419950445 0.36683972202584586 0.5141657771011251 3.7317405150472296e-05
38.59444160367279 51.08707077308258 8.504135359714569 0.8344628330735836 1.7431210953779213 0.06067712917382763 0.3261978960771965 0.461727998436081 0.0003730756447190404
42.14486187335213 51.64796162995499 5.272940168265066 2.74406267531308 1.2073892541117028 0.15987075146115698 0.31991631199893933 0.6731837533227188 0.00013567036419152888
30.464039506830257 51.18394542046424 3.0909699731709943 2.474674142784939 0.8725006812057763 0.13612140616228918 0.40282325129915486 0.5185695519768672 0.0001353212394302783
68.3797377451236 10.900881018165927 13.290930686816496 1.5300397886159223 0.9055423784747496 0.10380438224450547 0.4015223220740789 0.5414391718725069 0.00042357018722395293
81.83545685612918 18.668205138878136 1.3760215791678325 1.6845042895650832 0.854935143183418 0.21050179100560176 0.3802934515788061 0.6942836122036862 0.0003032570221470392
60.7955881682919 50.66802887435683 3.1540565066317816 0.3134097582991246 1.6427287526759284 0.0695591357412025 0.16422138176488404 0.576622008227855 0.0002777838420027147
107.90036762981774 48.013194855563555 7.337080710018425 2.544597651343064 1.0697024670726907 0.06595213792265812 0.21539948322866198 0.6284613818722852 0.00013468836405365186
116.13422693700974 26.438296766710867 3.582899974963142 3.3106078129790144 1.4381249345270504 0.129583655444038 0.2554869442102008 0.7441444067496323 0.00019862729984340517
116.70503660526377 30.669151248704843 3.8959303222440695 0.5444754726733021 0.34567904237338426 0.043588486732639486 0.19145527952285124 0.6781758049132435 0.0004913389209041687
95.93986774986266 34.55048132116511 7.762688330617518 4.55597245784958 0.31776429169996445 0.23632252485813024 0.23855806301197185 0.5802636376196166 0.00020480334903562298
89.27813255171984 17.246783496473448 0.26245609654536045 4.6374035071326025 1.1428930273512394 0.250734976847208 0.3167245694155361 0.5093621005966954 0.00021833005875662072
39.0028286267118 16.458931100954654 9.6358473705598 4.214459206700969 0.4528369932228151 0.2562500591380626 0.25852432211569254 0.4779371817582793 0.0003840746695498933
115.39865010698063 47.44326487637738 13.604936043018666 2.665459953535016 1.9638720059705075 0.1582194698362114 0.41007182923489316 0.5462279991474993 0.00017704669715050525
71.04102182802907 32.56411252605265 9.784779100870852 2.5296677161797327 0.43424180975460325 0.23239740453796756 0.38234446183430904 0.6575413189340745 2.7131688453335608e-05
80.59227343280281 40.206076814365886 1.4505744063938222 2.7742019464025502 1.9899337875804028 0.06405976578921535 0.3325573348183417 0.687791609728465 0.0004693282522515313
52.798522980464064 52.828627067395885 0.8821628002925045 0.29550214410572795 0.3500307131377721 0.2450153904665029 0.21744885672458653 0.6455630575749078 0.00042090074189705837
75.20785748546578 16.892549948031228 9.584373769771839 2.8844633182452606 0.5497312922761661 0.08327060147700843 0.28765684384508594 0.578865088656955 0.0001254463855268552
72.14012362546674 35.094372111508015 8.749976982323606 2.0844403865392005 0.4093379969329045 0.2068283415208652 0.2610423498099591 0.521867165713479 0.00042600313912374805
100.57634379451213 46.1694052750263 12.836371221139242 4.054711724829137 1.384578070146071 0.1086852643913755 0.30911773345456284 0.6599296495501216 8.098830139422368e-05
75.13824867297097 19.280383492463216 6.539124933588965 3.2037540961656967 1.634643902881094 0.04124717487117295 0.20377529594565696 0.703603618998619 0.00035462405832396225
52.17853657334855 14.938370538153647 2.421856782088474 4.205533126605826 1.1487836703315621 0.20357005035306752 0.19352653127620065 0.6187011988593311 0.0003189327611604969
107.46979748550254 44.330656088385986 8.183203743225652 1.4370502135441792 0.510082722573421 0.25540019010397935 0.27568787177628873 0.7031291991147959 2.3107592025768647e-05
114.41228689259044 48.48145569418925 0.8519923498871543 1.8357467282701854 0.5005282033188996 0.060339084731191164 0.41057140919090074 0.5246949724309418 0.00037848990731170903
49.67846696091425 34.95649216317854 13.623454560110726 2.4725928749686372 0.9569834768499583 0.21396532865187576 0.3317553773546099 0.5760985056221433 5.2732169027278145e-05
72.47728909440369 42.60448384643285 8.999581168075983 4.24329833513248 1.2937749359986146 0.03293566796982643 0.40504214919445825 0.4895069523850308 0.00031745291487336275
79.29044158760335 54.504111046045864 3.851410492662583 3.179215085719659 1.0047876465972736 0.19915027599225205 0.2943631895166823 0.5964877336382992 6.545319868697956e-05
42.45272666421414 30.439545588549766 3.3748060822425843 2.0605065618838565 0.6632944702799444 0.18463061699699096 0.27828693987622577 0.46083001940146995 6.430668362204914e-05
114.94467676233364 24.38258298231102 6.235724202752627 3.0911499193987084 0.6728068556056701 0.08994192296298043 0.39867176292662887 0.6483516654966621 8.49891056967648e-05
61.23407736087948 46.81210660720362 12.800313365409728 5.037060017902932 1.8174596345373903 0.024762409596962003 0.2540826427446841 0.6791034547753767 3.097122693559956e-05
104.65069961468008 26.500289319279535 11.045755838084924 2.1545144592241097 0.6412976013503954 0.21746534219951677 0.18008747331502797 0.45011852289761645 4.749959998218297e-05
78.01998885350424 42.35142313165764 12.37659491438135 4.03127704785096 0.3089885843075373 0.17017687911481447 0.42875051558949095 0.6690567051202003 0.0004626266643943941
56.91768127184944 33.098354041090005 12.527712112623083 2.18171989339919 1.459926374077005 0.0512484999596019 0.3894244469931928 0.6022515350155412 0.00042479481702976056
107.70966864722445 38.44638808101424 9.147522132869979 2.4081556856254904 1.7411323516692616 0.20489009056493585 0.18433552252605462 0.651181620111586 0.00018968619422321585
39.31577136220483 37.56786570192706 13.062788499280668 1.124706529396592 1.9066230073381603 0.1388494516544511 0.3452998906876277 0.6287482442879271 0.00045263401461133
82.42433562845936 26.07033098786578 5.424615853803187 2.8790901836595424 0.9770501877470232 0.0847217740286609 0.37876675214630506 0.5858335659076556 0.00046595697815145177
32.00629301836817 10.388136808676617 2.0733330050572336 3.9098402217126473 1.6883284457607004 0.24673161832817067 0.22930392985469128 0.7106275337871 1.4765973597838195e-05
73.73110422094419 24.107227536958042 6.4944587281115735 2.902230884584938 1.6286951382187447 0.11618800080606193 0.15313044046013094 0.7034975779854924 0.00028691173125698356
95.32576458990825 9.387795510165411 11.060159811813442 1.4305045420529237 1.7640194361009573 0.09730725548983463 0.4010777221897325 0.7180544842054544 0.00048731540761144307
85.1773583128754 22.15661652081588 14.064677690715918 2.3027633060220705 1.844980939465614 0.14378563376427747 0.26889668924202087 0.7083798684858953 1.61135632124562e-05
52.31699893371393 44.07955954691185 14.821584559953662 4.363828944578997 0.7830587879636586 0.16663800787064445 0.3547577058167759 0.5456406187677932 0.00030091165710725777
104.33278700547714 41.480567901326665 13.90439582811365 4.048486614189043 0.7044891974687544 0.1868605469502984 0.26926734080436276 0.67961571969837 0.000313595601749983
99.15078735738443 14.43376074423991 14.137535238064178 0.7533944643501257 0.6360441138826908 0.06723440426673111 0.32890594133798434 0.6822365255992943 0.00047659343040514326
53.59260756137129 19.198335398285018 3.924890840742688 4.012464990742824 0.6277027169209022 0.07253527857876456 0.19583372818301453 0.6348303375564545 2.149520650831335e-05
92.12913113127638 25.32052352695293 14.759865114452715 4.432238426778442 1.2277280349629758 0.1725584285367191 0.2398928255741879 0.6709740529109389 0.0001267177723181088
86.01334248925122 37.66980793450226 11.75278059523429 3.5085694819231197 0.7581572478833482 0.11632455256505045 0.2880551185021024 0.6401659592012116 9.66710414142151e-05
112.72261018581898 19.078790318464335 1.3469169380897115 0.22109833112848398 1.6931505187658025 0.042657585404731066 0.35240149981716284 0.5547388209001796 0.00036711039875709904
71.54842892719046 35.21500808071868 2.158518014409353 2.2099244613083657 1.0823120853665038 0.23955733067727386 0.3060503709589807 0.5663108552470189 0.0001494931599994152
62.54789593965981 12.421772049853022 2.4762295921322144 0.6500052593852098 0.7670710081017604 0.12306849050637916 0.4399410704878828 0.4992588646953511 0.00035649699519127063
103.39669542514135 19.611989119823093 3.6369103012880606 0.30491806523941156 1.9161528082526122 0.12531042477965296 0.4245282509094742 0.49486474670723707 0.0002668265408416634
110.26701268212956 11.753540000655759 5.116980976344411 4.624235192282664 0.9367722257881801 0.23512857347824204 0.355697365180601 0.5522556709574928 0.00015200098963584263
69.77879756206511 40.88265795607229 1.2465362914877307 3.7259653890961784 1.5384716748296496 0.17674449798194386 0.4372643434754174 0.5371647753814134 0.00039501523937479367
34.913810998093 40.42005980872322 9.162307966679341 5.123908587327926 0.3727686587405592 0.21422446379876028 0.17755536221563342 0.4535896456971024 0.00012781635777441632
92.83389264437469 24.874487875471004 4.861191019319914 4.482024734777305 1.107350832753872 0.07422346890846641 0.1681338860005423 0.5967244170949899 4.32478195926907e-05
51.332188436978825 29.922811917014712 3.266112398600014 2.650735457975996 1.22062629886625 0.1995744526195527 0.37902154686212586 0.5550754993305136 0.0002856603386884029
101.62849115180498 48.092735424120335 6.80964585184064 0.5000504220201449 0.3889318358676096 0.10919998721278264 0.34814815078219563 0.46163351868430597 0.00045929609553777283
87.97077859186373 42.44065413906915 13.942256355252985 0.9177299798825499 1.5285063401454397 0.07640822266947045 0.2435668340275055 0.6417544492884812 0.00045113182293735586
118.62553698805833 35.91227685526071 0.6906110013728982 4.501524968082786 0.8098855017709221 0.1365205459675029 0.17012896514357934 0.4989929275689776 0.00020038180627528592
77.87997459059575 48.52100716111537 9.08111039529508 1.545460324769127 1.4209181394636232 0.12564069524445706 0.24828405836524908 0.5557462321421279 0.000271803927033495
85.69255811518137 23.346578238256974 11.368694948499794 3.53116004893955 1.7051219099585557 0.043076521904451666 0.400209787266422 0.7476523070122952 5.002368825571082e-05
71.72250318885875 20.87560352910463 2.518444178444874 2.3880633044921553 1.4273987159179227 0.23203972947707693 0.4036136548835767 0.5069324164867828 0.0003459579268418606
48.414578615369365 12.073208639235272 6.175447596313176 0.15464570459125754 0.6150449574814135 0.22343448301662974 0.2558521660070254 0.5618638251930793 0.0002453678402328458
82.06429046637716 36.74006326412908 4.6196498630071146 1.5206556603303985 1.471339180050291 0.2094676080645036 0.42141186389578955 0.491524821070666 0.00028993951396040973
32.6141805371448 31.1099353531877 11.65465270592192 1.9656997241227054 1.7797622933297272 0.1545350750266289 0.19176391816530525 0.6359342923202154 0.00015026847331767767
58.849430399823554 15.500578433957866 14.967552852760706 1.1911477054469108 0.558406215729286 0.23813116449152932 0.3851376507408684 0.47834976345106 0.00039629684603818247
96.09229474357112 29.070446796569666 5.9571711843825526 2.9462976369339495 0.718609211395628 0.22142668805603452 0.25610479346468795 0.4929718829496085 0.0004842776574764703
100.16770328695968 25.462118242201033 2.4565241148691146 4.107528552103673 1.7691590540395996 0.18437125951867417 0.3963728404499479 0.6688848295686448 0.00024104439383779453
67.16555464322438 12.03337023250501 0.5426217616815739 2.6804318973649766 0.39538792338272455 0.1505056753748133 0.17991161416789422 0.7256231302042121 0.00033173439054540275
59.88129541397668 37.36918409875089 3.1025421661272303 1.5421960089496203 0.6536120641052413 0.07162690364248418 0.26505954705324325 0.5885945181652146 0.0001941481268841318
49.32409612992127 17.43230273078035 6.91263733993339 4.916150704681721 1.632188821598342 0.1333269698603933 0.3713290506254161 0.5515823913502794 2.6189967192822427e-05
94.29139814398887 28.45935075131871 11.848486633052083 1.516086807858897 1.4876960864352031 0.21842367978342428 0.1790100643976536 0.6269875548825008 9.609821736838833e-05
73.4209086958291 43.86121765796747 14.696010335848198 3.147262270986808 0.5655392717470231 0.12753461893444917 0.3956574928321521 0.5344742741694739 1.5609194359429957e-05
35.147638457617724 47.99336043762815 6.389854490513404 5.183682785389766 1.6083360951977232 0.10699824183927466 0.4222397831852791 0.49448173393233263 0.00028335778878083126
109.47936977237862 49.70617241777231 3.710179841605152 4.753557180164458 0.4849281941005896 0.052467370338191516 0.1920813188970421 0.6785335804076101 0.000297756095237854
75.70402835186309 53.39197831978588 2.9861081063156165 3.7446301288169352 1.9961511210528757 0.052944322760124715 0.2505869212801587 0.6207844661588184 0.0004032287080810242
87.28793555398096 54.923276570808085 11.6644564307566 2.0220353420526473 1.0195461073388834 0.06484018677998392 0.20422154519165583 0.6040053658892003 0.0002281347971402744
48.94938604104299 33.71213036386336 6.893328717349096 2.6014464549064376 1.245931537927672 0.04636297005961201 0.34357815523363083 0.5059767815283711 0.0003229423889688656
63.111481557776045 15.252702606511036 8.448538575101036 3.7975362276441738 1.568875395198008 0.1712875135978433 0.33119905466635785 0.7243651291163842 0.0001398461042581721
88.50782282592787 51.847868703961105 5.445486220237215 0.888644361005216 1.8705806449197664 0.029042505527887105 0.3353349664371157 0.7226391777076944 0.00025879211282036745
95.86331172482082 21.292374901176586 4.4441911974667985 3.492731778172493 0.7990140766186046 0.17305242734751258 0.4481859229768075 0.5132937744836106 0.00038997164105085647
112.30968424627669 15.699259255131572 1.277471996709589 0.40931649654689717 1.1599507727470129 0.08014548854086649 0.3312803534761677 0.6258616888426597 0.00014777055896663107
93.56901184604772 11.605978689803905 6.033571501237168 4.920360440102185 1.3424350802660001 0.053198912433098836 0.2896431480139235 0.5532525524591112 0.00041479327175934436
47.705336011098325 10.356155202940604 10.718237834929607 2.954396041579502 1.3204552163348269 0.14139443010265254 0.2266774528596405 0.5256989447426569 0.0004554512905896496
31.15491983767204 40.4017040634644 9.547274890189835 3.6398479983285834 0.4987453095010207 0.022458070552561882 0.1580682321953414 0.4813252368213281 5.209415786588018e-05
36.29881982429404 18.19273063708885 14.557222124626476 1.6591083390204322 0.45837097130411136 0.2495087278562929 0.3773500618894632 0.7028035051888365 0.0004805483304535689
74.58180170052235 50.05051254532195 10.641492430748846 2.016532305703072 1.7136873546107507 0.2253067533188141 0.15560359483115485 0.6661812216301797 0.000122835754266523
107.79606867547878 19.397054909318328 13.747145244767868 2.9354414157885866 1.3594214320114233 0.18333214719151644 0.2697671718605741 0.4606599601993107 0.00011074906001971072
115.05098962457926 22.793242122676567 4.463561751701161 4.864783743334223 1.130524592465974 0.17284065902604004 0.3737450302719389 0.5823308498448192 0.00014410877135751367
65.63376815930432 40.96296841652591 10.991816787486627 1.5270670773044854 1.8181957665722586 0.2513626468276398 0.21179216333011308 0.5349155162647664 0.0002971249110940919
113.36418096234465 53.347925701478275 3.9497994947361073 4.669322379258341 1.1651367202108227 0.10402726095617087 0.20090033316793374 0.6819329171403741 0.0002498754971071047
38.687045954644375 20.626372101036132 11.45600844018528 1.400922063318302 0.38833473945183256 0.24291416784788178 0.367839699166836 0.5122286254225024 0.0003916031993960953
52.40672579793803 12.67459313426098 3.6938726291924513 3.2674667438846625 1.9405568251062584 0.17382402584172102 0.4248801988645089 0.6639473066016219 0.00016803438979833015
39.740591834894246 46.254114223568564 5.723112791496856 2.8308037936134705 0.4061247410997842 0.06788116995562288 0.23014281655619057 0.5539945492792642 0.0004940340594907701
32.80534717113186 38.23972042405023 7.619405019259531 0.16189697432596234 1.4745244691348431 0.20059275181296288 0.4450059072808077 0.6140436099879079 0.0002839234097316365
45.59038461976781 50.90173119179179 9.806371986322304 1.8642026015901945 0.9935360210379727 0.23917481815077618 0.41584217544937474 0.5420542694388836 0.00036354635389860906
84.76530755437693 52.03293425677726 6.689908785326176 4.574436266493932 1.4069762473063065 0.17543000642907447 0.3162668244973138 0.6238581897399387 0.00023981020041456406
49.05227056779234 14.495819461055685 2.579982022725402 3.085472921523357 0.521738952852138 0.20759228838400787 0.2889029582185012 0.4800364854470459 0.00041826317152361323
48.72045554254616 25.067367027751093 0.7834393207403265 0.4352105437910557 0.5992823891952088 0.17740971723707893 0.21806204195131682 0.7429258169513906 0.0003011046181929107
82.74682769952977 49.32530617850572 9.657523470970448 2.561795222562173 0.7104300614250338 0.049380653079564726 0.33611818327940723 0.5061827057690709 0.00046959246517931224
85.13651103505418 27.766516770346755 14.010907180241711 5.339888251542495 1.496206407515832 0.224150356553593 0.3187058632051514 0.4723873274781553 0.00039062662344667665
107.31591377754854 50.42148052799833 8.314974118048651 3.6709343948617783 1.580461845146265 0.09805974295705153 0.3010719083880695 0.6120450460932552 0.0004739760542291913
65.31348162772136 15.589887854533423 5.656953505056866 5.2764365142237395 1.1553769345126115 0.10720135855283879 0.2023062058914096 0.4552709113896106 0.00040759039604204805
108.98930315477192 49.008942125720196 13.039936090292489 1.0236866344504698 1.8862250577021669 0.07351370732023495 0.32163848303173875 0.6699161091563818 0.000254990007985194
93.2820973209245 35.56375668192039 8.922105110331348 0.9052428755802627 1.8819823910384494 0.1752160692390291 0.3715532376091497 0.5749328611518317 0.0003362283811876864
86.11360706866719 20.168862878127698 14.798469079914948 1.4525345127761238 1.7812449114835711 0.2346872277356085 0.443276557704418 0.6177435875135897 8.142257598781657e-05
35.95268318024773 14.377207471479107 4.889391107377802 4.342599786645262 1.3802326712068405 0.19785147193031785 0.40541681605640034 0.7445040183084921 0.00027728315723360886
56.59700189340493 32.968966598477465 0.824416053174901 3.763048956915666 1.9662375249638642 0.10259925320921932 0.2805219155330432 0.605702491452337 0.00013832917062130842
56.70929941977887 14.9972956729373 9.014368214919758 5.316638858792265 1.527122254357625 0.09410255872208569 0.17515533324775426 0.7259135646255688 4.114647102221207e-05
110.03188549718995 52.62507343428015 3.5347491035105567 4.628793500150061 1.5936088437107092 0.1745107233381226 0.1781691729975575 0.5447986826134543 0.00020215661190594483
65.97790885866762 52.495395190774055 1.037583202912611 3.7580569040859704 0.9898089551509512 0.1316872539572836 0.2571980223187432 0.696520624207652 0.00028462772035492406
109.12997749457396 36.429089865881096 12.630029495105735 5.229168380300276 0.6716915873995434 0.1660441838143551 0.38798817681869147 0.718716646673795 0.0002805163689472794
102.32460435417447 11.849986220769852 13.46970247207694 1.0305625128318119 1.5313680431380525 0.18091833841034904 0.36551946298923543 0.6786746121467899 0.00046378733255887373
56.19336133698743 11.398864937785708 13.10198477984284 3.1449285395432747 1.2706818941738713 0.16626376543811522 0.22623936464487954 0.47711938718318875 0.000273394797993218
106.4635846515588 13.711517656750704 12.944710459547533 1.950879546352519 1.7971060310895286 0.17900544650577072 0.34544872013859074 0.5467361559767056 9.214108937282e-05
36.93666401865607 52.69400910612736 10.370924911666046 2.8159409571152985 1.1158216447937026 0.1820100371897088 0.29874030247295935 0.5631113993511914 0.0002886475375767411
42.39327170630057 39.79167502252632 8.119151623199134 0.3369076461791155 1.6103949799468675 0.029934065885549227 0.17925069051529852 0.5433333157333134 0.00043148774712117264
83.70008019646689 28.70349466308561 2.051041513464634 3.8236651965733603 0.3787159566455515 0.20874833784090407 0.15080490549554823 0.47990754557583754 0.0002878123851245749
103.06550082778014 51.253972936345875 10.674125422288979 0.4576827478472426 1.0964654927548187 0.08177028833919085 0.3114823944578606 0.6119379689034821 0.0002559741871866222
71.17217945777946 34.61228490413964 5.990886966841435 0.7004058009318062 1.3531162293973853 0.16579755873453123 0.20580107326338 0.47860108943635404 0.0004045155902545075
79.93889882423926 22.674334394924394 13.597462073710176 1.7973425533188785 1.547581638155979 0.1864855059245601 0.3428930502795541 0.514987287120235 0.00020863599517817954
96.27532005966803 9.564207820822658 14.40768625623117 2.732175294201275 0.4788854896495809 0.23901459496202662 0.2547156263720782 0.651511650798199 0.00027681475131596805
59.389891864726025 32.032168507255804 2.682871229290641 0.4129361272610602 0.944997040437461 0.07397571568995354 0.34700038102336445 0.7499022078537378 0.00011796004231452431
63.13762120213104 53.01881713567656 8.712293236318294 2.7815897922260433 0.37573592701105396 0.0812703574261408 0.3952774290476697 0.5905089738535687 0.0001821683403149964
43.3246330876125 51.96882117098989 6.285650207090751 3.482711915187862 1.6238386457665477 0.09592670393321745 0.2269898998331541 0.5178181340768956 0.00025186885980595466
51.07757186890183 29.457077562578277 10.63194603335645 0.7971154249287764 0.6012574695024331 0.09011671084894539 0.39059129315747676 0.5997287006131284 0.0003048509229169203
105.47225295152502 35.47160352163531 12.091035732575802 4.234338320281355 0.5207550728223052 0.18582538621297584 0.24521659680046307 0.4523177906337985 0.0004119821216752681
70.99433625938619 44.90403243068865 8.204362436518194 0.6061400189790295 1.6918250476941281 0.06221669039529512 0.24657931770926617 0.5509043015224407 0.0003321181931621487
60.31699145256099 20.430823653669208 0.3729397562588618 2.7937210588743318 0.5842409599212997 0.23332246086694244 0.39276902577252604 0.5109726989434361 0.00010972345045468577
80.90309259181691 33.484317727072465 13.505208039093995 3.197026106376486 0.6654251661000044 0.17595259035568098 0.34118499340061215 0.6858790718852756 0.00048303681170284405
66.80148437787773 11.902698878364246 14.603269740822117 2.450736194424021 1.8582564895185165 0.054585419765510915 0.4430873946160827 0.5763225816723011 0.00041211418594565546
113.86514372131194 21.88263489154957 6.906988448679596 1.2638473128079093 1.9539679232183222 0.06857087417201699 0.42291204583350306 0.7054183814854984 0.0003367536472696686
70.64025638247622 29.297239637276178 6.614021818525171 4.718903377934267 0.36201923028408695 0.17915794216094788 0.3390784478711183 0.5088013933449255 0.00030777119500157004
67.31686534909528 54.20534339896849 5.519572707406811 5.120505545528895 1.3224734163206313 0.17633093290167984 0.26208004214496405 0.6996086573740008 1.296603061214099e-05
88.19342332081987 27.377324350777812 1.684994072534052 4.845792989263804 1.316079567681958 0.0599570525283957 0.18700092316415498 0.5505342150893117 0.0003747601454276798
67.46638896945282 19.833933642538256 0.7910490021097971 4.131914806870475 1.9019298956465376 0.2341705068762883 0.27261422135284274 0.6377037111496268 0.00022731472235288264
48.09757259684956 22.654860314069154 5.453496578004038 1.4291307755804081 1.9764399144011089 0.17473945842222263 0.24871448156608741 0.4776166915977986 0.00020497853406441083
44.96887020584746 25.20837477519456 6.6048287537649015 2.2801513223199064 0.38409455847026147 0.24000928704581523 0.29577701540039725 0.590111817048867 0.00042851591670704044
86.92605096979041 38.18298306499983 14.021693524553923 2.931901433283723 0.33364782807696497 0.02436747786292192 0.3159220651436929 0.46666904114214386 2.9054314191646963e-05
73.74409017423073 47.46889538519641 4.0193772422564935 0.3717996911058472 0.7021122327657483 0.15094685698034416 0.24724620489761234 0.578424705897101 0.00026587741274163414
81.20137428250445 49.623517869879095 9.736748970555585 2.1583444683434454 1.1235197086464963 0.10016889247848645 0.2758776369709053 0.48654690849263876 2.8527427195625608e-05
76.02764187326615 50.74798928045306 12.915143170120109 5.168411195309078 1.0418962535763463 0.05864032532587951 0.19758111801526054 0.6094838932024769 0.00041313531810869875
34.426636900997295 49.178881555012985 12.268113322896879 5.040789933163645 1.8084534879252823 0.17938993666717323 0.447858217998662 0.5496817593507121 1.1640160936612756e-05
36.10219772826787 24.328460836809626 8.217166728114988 3.6463026763528124 1.1016617704211369 0.04332239432716892 0.3664205071705685 0.5834781794610622 0.00046470073559331284
99.10890890730856 51.35883544031067 10.53885271375507 0.7022712295284705 1.014088342366823 0.055313094786179504 0.2541537357852471 0.7338745608006039 0.000320309469952987
38.110763482134445 53.59901506348185 12.177210659204095 3.7426126222711233 1.1378769618628903 0.15066934792975206 0.27174799254111404 0.5970034298030017 0.0004270907842968159
66.53059709056465 39.42382005894076 12.597679663594002 3.5733455484833425 1.4136115213004066 0.19634495420648354 0.29837823643994976 0.6442523586112848 0.0004671503495822349
34.369203925140894 17.71878000069778 5.250147995326166 1.4229183637737095 1.8311715437068665 0.1967843263057468 0.2508808531863655 0.6438018262592927 8.684003395301134e-05
95.6247290348579 27.232702633885168 11.968932378511422 1.1086705432819333 0.7705885487282764 0.23038452050465336 0.1586564238396092 0.7174774586392065 0.0001783014926600295
116.37642302547836 46.38164563274757 13.648854939998325 4.559864173466382 0.9195070532123057 0.10954089969190195 0.38091948238331064 0.5285856904153804 0.00029976637913722853
86.7642014627296 46.770131359097 6.1875627096033154 2.491549365642847 0.9590412175200593 0.22041838658342267 0.25902440943549154 0.4811043517651319 0.0002577359280595151
52.75660230043652 27.819411623455327 7.139417317172795 4.676647621420925 1.6955199692113805 0.23849509652588896 0.17780427856099304 0.46479427245614985 0.00023220142276885835
74.90769553268996 12.301933839494199 12.036278256525291 4.071546831165957 1.084129701961917 0.07920477783009795 0.18895171475042383 0.5386849438075624 0.00042492224595070896
75.34324155177362 15.948477477521909 10.884623074580485 0.4427082289465255 0.31374697776210425 0.12477444125493617 0.4133258828663051 0.6910412280665004 0.00023568064712628292
78.52162434736363 45.85777818799483 3.9989485548120287 2.9994585272486134 1.9809772381542672 0.1241836243301708 0.30674551659928684 0.7302517969607498 0.00023920574886369782
64.84596955894017 26.744844166700315 9.498778755603047 2.073219721778915 1.5747638929841046 0.03634792362796578 0.3738588861600429 0.5660142364582207 2.194081437837195e-05
70.13525237196455 52.53512668503162 7.720363181433668 3.2350757493038156 1.284415617394319 0.14297565583078403 0.17466353978657445 0.6922810933573518 0.0003872990387365558
31.27636424704864 54.391066215473 12.232739892931777 1.6317003314852352 1.1836700149876347 0.18747101915418082 0.2877861395511562 0.5448229859441789 0.0004853495984942326
98.90129007163843 41.67818997632767 6.8236216052204535 5.077441640648689 0.5315500084283032 0.1031485458829494 0.16696264125279184 0.5855003580666719 0.00044742197682311587
61.5452822632722 52.7336028326041 2.3077347197179083 3.84901751856608 1.9934786839256204 0.21762431775633223 0.18675181088106824 0.5309590329400531 0.00024270032605700148
116.23496550318805 26.580589271605557 12.896354964129063 1.0396029114637204 0.9549805345129199 0.17710433857328087 0.3675291494045898 0.7423128441930031 6.936074676695185e-05
66.63097538863323 37.42169250313397 6.804062923279303 4.280585564505788 1.2880647601941577 0.15791826695809175 0.23289991177060904 0.6289080353146467 0.00010570982891977956
119.7225582217916 20.05708541208616 2.8635159236077254 2.610745702445875 1.6111849153819215 0.24417916554189978 0.22903032697780898 0.6620947447953184 0.00028789902450922455
55.6532348046417 9.463432971459506 8.687825280347655 3.92612222708063 1.0818877786114716 0.25664728141923643 0.22059520622508008 0.699447035770838 0.00022327727591777097
74.99875896700317 10.25829486706046 12.191701097334995 4.890018540762265 0.735517513297993 0.025702133324033708 0.4367385262381981 0.6831104717577219 6.49140005750892e-05
43.43507818178129 22.468207823719673 7.158875423340918 0.39650205653895654 1.0507073659107002 0.18350013957838263 0.35066924486543866 0.5444460178097239 2.5034911841168637e-05
103.62492854749398 18.221634676488684 10.480850610954839 4.8254019522404805 1.1841347243304208 0.20131543525905113 0.24624682500442954 0.5826158918718138 0.0002571757535054164
110.35471978781104 38.491323929907225 3.943234064092225 1.9713872147308438 0.7810733473639838 0.20411887212425672 0.17210399356459521 0.46340119899480064 0.00032329014448533196
41.00862031274747 53.56397270540691 0.34691031824947316 3.2215720954620175 1.8713819679401837 0.05710433287663563 0.4278933500894315 0.7093965074089215 0.0001532312390054046
115.85229707513325 14.288152019831493 5.329028840363238 4.000713013778036 1.8040761373242789 0.062334676311523396 0.3499897779804915 0.6627604339444937 0.0001847642950119105
115.89768934724027 25.75143451131915 9.698119020498751 2.964983869009102 0.636679839518093 0.22718207596691822 0.3828908242711414 0.7280778566764319 0.00040588317192851657
45.526088375246935 49.931893792144656 11.12487187735484 3.326941596471428 0.6437887402773539 0.19592727037435512 0.2562625082367225 0.6845405761176768 0.00021796220844393874
103.56591024334831 52.94815778027686 6.844546986298863 4.340565487588998 0.4325579157099827 0.07049785741188598 0.3053796307096372 0.5614095153832626 5.356054471184877e-05
45.39149290460351 33.372555000443384 11.288771388691586 3.9708041103879697 1.1131138703908439 0.17218565247091738 0.4314757683213809 0.5253833292148432 0.0004458686180204501
79.36682769308135 21.08409284886592 1.8938998276723393 5.269156990795926 0.608385165888442 0.13588690497762837 0.2320411613804371 0.5697878506867381 0.0003642467665664086
104.46122578817067 48.94714158569127 5.400185096470235 3.004711936437997 0.49562224141943795 0.12654520678407105 0.320654016597119 0.5653240249725522 0.0003347747713705323
79.8204844174382 45.18938295730812 10.343214593672128 2.5641093951834644 0.7856334050541739 0.1555255283941675 0.27799763583530424 0.556678841418509 0.0003506941159795972
69.90335779323601 25.13620062620621 5.952421826070967 3.5797878274272694 1.6829985931424436 0.0652029106763524 0.3703347887462689 0.6632591871084346 0.0004899987257684406
92.60495580381973 16.22696541087374 7.077962815623851 1.7906721059337087 1.7865446572163861 0.12993245169862258 0.40078374935133476 0.5949641768611499 0.00026185213243597324
93.70288870012692 33.86416102884593 7.561636361568302 3.4834883152256597 1.5798455401038678 0.1884653024305193 0.2608600815303367 0.6310233682087895 0.00016253438883351358
33.22275576133048 20.283774401482624 2.251047375944959 4.543635665089185 1.2914215357837553 0.15620771185749974 0.2570731039038926 0.5384547212624711 0.0003445113106944588
85.81660689174208 27.13163757841715 14.431807757296133 0.31839099236587776 1.9366954556257663 0.20801420628762027 0.2909633496503671 0.5136987410116668 0.0003760457388139103
33.73456592191001 38.375539850506684 1.8795873653280184 1.9186469938116297 1.6665103944691 0.2525730250844935 0.4107761187598371 0.5494840171284191 0.0004169478235362926
46.96766855205204 24.075120369824504 6.001773302581239 0.6223938484389284 1.349819038690352 0.04207247327967207 0.22450148567766298 0.6840303229477116 0.00036655165841841057
97.17455020992358 30.89156596083995 5.711095715051421 4.883128936793243 1.5163150734628545 0.16917945115790814 0.21102674362516843 0.733768413136628 0.00023590768604257284
51.68464127259176 30.393342860094062 12.990200685542714 2.218904380559009 0.81762804032535 0.1144772997672327 0.29592520437609127 0.6800337312562016 0.0003734978993843281
35.03296868115208 19.51727856994826 9.673318823466655 0.928652520195603 0.48344429718235654 0.026153294283739813 0.18741785464048394 0.6557216482312054 0.00045062214595958797
96.98089914256322 37.78681632443508 5.777126135546073 2.851859501583931 0.7426405780672162 0.1395350942293886 0.3733297342078816 0.5164200657286616 0.00047158174662809496
36.3695020292367 44.27030956177684 13.637002584899214 5.262208311841203 0.599088498350771 0.24193023131286026 0.407068142562965 0.4510120392650378 0.00017383581372233163
58.95431363304301 44.165089455530186 10.735702336112283 1.8072685481283 0.537903432944479 0.20966146122229726 0.4093200704260913 0.5023867781389688 0.0004682962079662239
107.53079599512732 44.85660523616631 2.7222774159265906 3.048719976133577 0.8106511999709156 0.09849682833097928 0.2475795468689116 0.5769587517725683 0.00010861895686324109
36.64339152856093 53.8425602065391 14.237647050701234 2.752271140652804 1.8751543049011221 0.1695066150990474 0.27401944648337545 0.5995797526905632 0.00033020138757454924
93.09466411831401 49.27551423800961 11.621063343085202 5.098435975491185 0.5696937285326186 0.1056855552252596 0.19069988104107627 0.6926686560361143 0.00043657212098984865
75.80548199219626 42.633743499972276 11.359109053288856 2.487680693333544 0.5133552234204617 0.1517205731831955 0.3464666239214255 0.574197479332659 0.00030803352271613376
107.1724860250599 54.13826705904645 3.1227571306288744 1.9263179057522288 0.3935970684333568 0.1981259584183834 0.3933096054159959 0.49563947121356366 9.011877458936304e-05
99.00862128171666 33.445742399296236 9.571280149304833 0.7720996936322558 1.751795618996391 0.19484837698073185 0.27205942676868117 0.5559414082826813 0.0001974400355900465
73.10723722820572 35.90329025589192 10.365251622271364 2.8944782107563944 0.9158160666353827 0.12194814070036822 0.28395744502510945 0.6893086426812567 0.0003242480284962796
108.66228477200943 16.563017156667584 7.170521749254091 4.0849828808055815 1.633241063590816 0.09162751890912053 0.3323194061915332 0.7139236401114621 0.000187650770275158
44.198545765379585 19.981833257898426 13.411118315847899 3.930436623156045 1.5399770253992677 0.20478243361018642 0.3001492725432463 0.4738904742705936 0.00021992153021252187
93.04793304892965 23.70735716346735 5.912232737190393 2.4975663933047056 1.852910886256143 0.19004195930970996 0.4323754796909295 0.735951961089228 0.0004771417945350248
42.89707904788351 44.601659158582116 13.230810811718307 1.9312618266499613 1.3898610561551248 0.029245417476862837 0.1573110443755051 0.6779643974668395 0.0004142706255395029
69.40396740533613 12.98631563457337 6.869548435771291 3.2319849690961298 0.8569593931217048 0.21061364667735238 0.3564902856829235 0.5648670943368641 4.393904016185719e-05
106.3651975509298 20.986947266714708 8.705736603734714 3.007368691575529 1.57047264109246 0.13537639591319117 0.448551732323788 0.6673212060308589 0.00024578747207904276
109.92894972534833 33.97195336929073 6.239273499416924 2.5071814440172333 0.9995811506691676 0.1349539228185937 0.16173933636285495 0.6334964783204317 0.00042662633904506073
76.60294979977036 50.3492034293926 11.570202646002757 1.0162015235796464 0.6122867199288857 0.07219495293474884 0.368602513986687 0.5867392466933139 0.00015492274483450762
86.38162812445198 26.816368058686734 6.265352556462029 0.9486838921878301 1.25511609003554 0.15424974268872965 0.18520411410778614 0.5554288647370562 0.00010844472890778331
34.6597619541025 10.570154971868856 11.906233593075893 0.6090120623669228 0.9498728441887632 0.05612910068631902 0.26259114213772095 0.5076466770973155 0.00025280508755009466
54.70602081589749 49.36620880917555 8.05944786811789 5.175527015026437 1.6218525927463956 0.1278629213636714 0.26183901260026277 0.5227073150294828 0.00017480215723068932
111.53034045399693 9.264695663039818 0.7069217539324625 4.06569636241469 1.6128066588496583 0.19237051081944398 0.3112622827080015 0.6294468784019434 0.00019155084871859803
54.911846566107016 39.54757027365765 10.261880533362723 4.469089509235682 0.7944214016464266 0.09301598040590393 0.20689359587500128 0.6432695905356474 0.0002157317131561195
77.96969731533666 38.85359810842975 5.971727350448171 2.68991316466857 0.4169524254662753 0.05849665079591641 0.4209215038139027 0.5624963947933261 0.0003677476812412805
34.58726261649881 44.76462883060486 3.1307013599151703 5.246231447004236 1.5569861993806389 0.0911076030450739 0.3596166745734253 0.4733409372498537 8.299337434875716e-05
48.194546584268515 32.13716273988999 2.628756278176226 4.428050829347799 1.9062243303475392 0.11348821930657291 0.40491650651736844 0.4942002231652254 0.0003789900799852895
55.28010048076358 14.044698118310135 13.249626350439845 0.15721673820176968 1.6974937662040228 0.029637355518262784 0.3493082243235166 0.708238130042109 0.0003369843078207121
100.73176055052002 10.6292547085947 12.817902029478834 4.965274739349244 1.7754332573833242 0.22889533811155205 0.20892813196885113 0.4862526748755598 0.00034268485402274727
75.42162580552986 54.96972297045264 8.782996648872443 2.586195769544853 0.8897694803698748 0.04642772429602568 0.44559560254611985 0.7383452210979093 0.0004925609759111322
115.55404651743902 53.697650044416456 4.723405252670026 2.1732657433264446 1.747055991413715 0.22183920142605265 0.34583142899669794 0.4869295312647003 0.00027565410694851153
105.60117850109295 50.132695818137464 13.063002779269743 1.9758215605216443 0.9352773737601319 0.25840501904076546 0.23049286259755863 0.727709469896944 0.0001483418041096279
33.78309496690037 47.21722242587239 13.284535722500365 4.092867282701902 0.5522520645647124 0.1496894065886727 0.3431219249842172 0.5335643612431912 0.0001157122540883467
87.35182234532712 11.358236886788248 10.443763776216874 4.115577935920698 1.5844228928250133 0.22936342395547007 0.3249791026375787 0.6425498547124775 0.0004214420693980023
75.95520736763422 39.96254818641147 6.147509321757187 2.9160436907615024 1.9206847653817378 0.25210304166716146 0.1819418942944112 0.5935804413302643 0.00046436209128670835
69.06756961255036 49.888571639807196 3.4610410255972988 4.5927866801890564 1.9264763433930054 0.2537742341347523 0.41699809063454796 0.6458345166797964 0.00011713311670322506
119.42312076001822 38.086769730466 12.333616575425138 1.7103070607511828 1.7396279969795148 0.04711031027690954 0.25335606380662706 0.7460397031114057 0.00023412813263458903
85.55491898833324 10.051008730721472 4.668892711042284 0.19705823975559053 0.7259855530953976 0.06909119015502638 0.316931137282122 0.5355222992617061 0.0003866420333342015
43.81405074842498 19.727652731763396 5.351689628535996 0.24077939172770224 0.962126952058141 0.256067862157076 0.25754961910952756 0.6048646629855314 0.00034674973500077415
49.859185160307035 27.807416201059453 1.628691968657429 2.10725617500526 1.0171615712696644 0.023535364183380987 0.2791145950409071 0.5297791686081107 0.0004054818583108539
76.16394556350187 45.99415429246883 0.18564527057193392 3.342971662066681 1.2369694843978467 0.08036570203917269 0.3371256368514746 0.5352633114990626 8.188203321744545e-05
79.15022018329798 18.00447909228557 8.809246427947976 1.1519834296705778 0.6852228672346548 0.14642603862284695 0.33443956227458466 0.6529048342922351 6.863723800036524e-05
37.58798840895441 37.95928084820922 2.7689827115715864 2.2829508955391247 1.6890927580624393 0.045875805261378966 0.3999561456577797 0.6992214575691973 8.75849827623145e-05
114.24165516088928 41.95303826136866 8.728022096955039 3.5535086060700434 0.8577265283113455 0.025218295715383626 0.15109305724811226 0.7346250045537686 0.0002417388805939141
53.83896357647352 39.171866193291976 5.747774212916381 0.9418247416640236 0.8353484011745616 0.22989320136136027 0.37752153063811417 0.6412450062909176 0.0004566729574204452
39.81692819188459 32.258898953081314 9.935924699234123 4.014659528526419 1.2407190057966306 0.14667287243531688 0.2967919033725607 0.6766839365921224 0.00022206149280307478
102.231865952415 32.35121409887185 12.874449812404288 2.6986943780124353 0.3972729619616336 0.20576090424669213 0.2438998094796578 0.5683766383587541 0.00042817194219007886
72.48388439207555 36.532453575371804 0.727862688850608 2.739248210336495 1.6851780265420422 0.10290460360628327 0.2989191621912921 0.606890804884326 0.00018620090073682462
56.10274502249452 23.518723570537702 7.4946569239512675 1.0077605151049676 1.848280631984195 0.13443936550524752 0.32604983250936825 0.7366969970869868 9.157057436722353e-05
93.21029438503746 9.927992619400465 11.324442104416647 4.956140448138661 0.7060194265175885 0.13688142277168086 0.3818072004046317 0.5290736101943077 0.0001701291033175164
69.60763539426767 34.06796792625116 13.031302560575423 1.114788008008514 1.4012774405218793 0.25761428298621536 0.30758723758326656 0.634491612628253 0.00038512954608389827
86.87056861539185 15.089878028736972 12.43121906710033 2.142218910783364 1.0787914356898938 0.12042081735086052 0.3402854613620507 0.6988725337700818 0.00017677882596273565
86.21564292943773 25.65780767400846 6.858926661577598 3.728776642137547 0.9544067081628662 0.13451458495112792 0.2797403956098312 0.7113215422636336 0.00027218068287235655
61.19715842857809 38.04459502756363 10.435391336207475 0.9624612302382313 0.8824515947534226 0.15659878350942993 0.16876157501575625 0.5685933577333063 6.293504292511831e-05
35.78528410587187 14.525242005196858 9.854513941605441 2.7126699406085453 0.815448818142938 0.18238973334635913 0.3579768452655521 0.6410864669130028 0.0002851104057329188
103.74016775174812 50.68197677652864 2.60909604865725 0.5145323088398327 1.8053306283739925 0.07983426379303268 0.3103490171478295 0.6018821971801418 5.0307661604732335e-05
49.138676513355236 49.24178587161556 10.14688868635289 5.0126530269340925 0.7278339626571131 0.12241366626506192 0.428631823243364 0.642073335663077 0.00022134111886236188
61.10542650882469 47.665259995468745 0.5917796577967301 0.46249733161932327 1.7631394317592755 0.1986034866702726 0.19873675995005413 0.6391937749579217 4.21559614536702e-05
108.29515039159203 54.04919116784947 10.798567793942645 1.2007234664759334 1.1899242598575175 0.049199396663613074 0.17040402687453604 0.6159758038883218 0.00022009653605391198
84.01520415567649 30.389620160389722 13.214689721603046 1.6894896755477988 0.898120471898654 0.11131030389191318 0.41833989089699464 0.658000774153532 0.00017884958004192649
55.083177018953194 37.826482567600735 9.1376361592837 4.859496210991742 1.2588530630525758 0.19701105198365187 0.4390519114262269 0.6595626289527595 0.0002624818028966769
95.53814645880429 38.80013481569709 11.097416842410315 1.8204271823507276 1.332743701713351 0.15960413440514665 0.33969640533005696 0.47425688979801484 0.0003605716572567796
31.65887505167779 26.17099182133958 14.93917139084384 0.6803766570336824 1.3068564501295357 0.22910448817658102 0.29250536205925093 0.7240985671664103 0.00036275836967585213
84.1959309435849 15.17659440014565 1.863377855528135 0.2460720064478485 1.011788831965964 0.14784282062041132 0.1540320383089639 0.6759868215392113 9.985691474875453e-05
41.80998970294237 49.99849116418092 6.058445899651671 0.7905720434330954 1.8237655733054774 0.13283545911786512 0.16530635767386836 0.5703946467619447 0.0002582229161036097
83.54071095689153 53.799909160327296 11.541691939557086 0.5677984660614713 1.7836655127314827 0.2220543839927041 0.2765475904687028 0.7022239257698533 0.00010545787345129614
114.17450765938675 47.53362069275026 12.571248828278707 4.658425315719808 1.250109177591942 0.026504261262601813 0.3692135858964197 0.7449408522427085 4.82045057051629e-05
76.92428017709679 53.27353509049985 11.525671735669892 0.5488135755748638 1.2300804210328253 0.08763767822023617 0.3243067099603483 0.7402882891064706 0.00015057663095402007
36.90941433120174 39.231938362790544 7.935272155690187 5.178929837120652 1.2437193618951121 0.20273916881134324 0.22559118002035725 0.46973679013473246 0.0003154231673874291
65.76860946246376 17.547495445686096 8.677895972982544 1.158090933472569 1.6404503364903888 0.22788308006251867 0.3966971306927004 0.713628992423154 0.0002787415139138074
59.73203754107862 47.874643295198965 13.78110843775212 0.2980245170639447 0.32137293581557114 0.14074749087190075 0.3845003919182467 0.4637946120262773 7.954648153017409e-05
54.152354203609775 29.382010255520264 6.300123949640886 1.1662196633097341 0.5796212126168286 0.21984259202454426 0.43476734186082866 0.5404220592322618 0.00018302406947377257
116.60208141987131 39.2131690409757 7.608014559338106 4.758598055947101 1.799212468601372 0.24705128937281953 0.4442978590300811 0.6141467755528989 0.0004535126368037945
102.71330116616161 9.792529151822944 5.614742160679328 4.817643467375656 0.7905975054433356 0.1858999996964537 0.3069768879486884 0.573752700655061 0.0004514726260068476
45.12366976273993 13.203829380648207 0.9114713868286832 4.168866448216488 1.7031241883636816 0.08569213261544252 0.3573963722633366 0.6465901580271716 0.0001415611967486364
70.22874009574406 24.808552644067248 12.396549619089594 4.534377068544295 1.7522778256052567 0.25871879676811216 0.3175702457633351 0.6898656645204164 0.00019640900003845156
80.97530196405897 45.26897504668496 0.6276807452788954 2.992921826817336 0.4346659573778359 0.237500278016326 0.3141777117630362 0.7341273926632734 0.0004178973396712307
35.654586375823676 48.2706650625954 5.141287236517104 4.307063522165776 0.86704640573614 0.040757019584815216 0.42528913748917274 0.6300691265915443 0.000310988547981386
92.22828927947546 44.44147197555264 4.3005329913896615 2.3141153287262135 1.946360364045867 0.227615380301025 0.2914689282833618 0.49345785831157424 0.00035081183915724865
49.78643010694448 26.877563034252933 8.536584102309398 0.9764064097486732 0.6664032779205022 0.11498719051052972 0.31482404197923664 0.61364009982586 0.00018715928838093648
105.95649632857226 31.16621442931036 0.7493247185037303 3.984190401773263 1.4767868075907917 0.2513219637737749 0.16254314088512087 0.536883644946484 0.00018038589240643052
36.12670955793118 17.633642669054474 11.617533649417698 4.04227572130981 1.3107071487832256 0.13768565597292196 0.4309348029157506 0.6312806391288501 3.499271082158933e-05
57.327368691134836 14.654333670336094 10.094792806759255 3.199491843013637 1.8667927634852757 0.03902324171684501 0.32461494236327504 0.45241552364390075 0.00022662594870688716
34.76455490474078 48.76925310067431 4.247206505178953 5.135838079646716 0.6566929769926431 0.06290216673153229 0.4412065881906886 0.7220631081813784 0.00040326689850338725
109.02243863932532 29.875085010526174 7.94962435962186 4.550144483393769 1.5246520086711377 0.1062760661616204 0.3767218759469035 0.7049080185007794 0.0003326615919297665
94.04360748665471 46.45933673681932 11.447159914550124 2.40161079789152 1.3138736713462358 0.2579055989303998 0.21612073354153308 0.6748928793624482 0.00025317061894951614
85.90884143910031 11.541199986546625 3.2314630040634555 5.336160778391386 1.411266241180691 0.25353263410703053 0.19408631080866848 0.5974282351599728 0.0003501053570786538
115.1523197067062 25.728342950854156 8.159218077826633 1.2888371388251947 1.1800389209344606 0.17813861093715355 0.433866422972938 0.4749509170319244 0.00026771996711064594
98.5180549861016 31.36642959761448 12.116731611891797 3.90530459661602 0.8371036271901859 0.04439880639240597 0.31305374241123585 0.7330463843727771 0.0003311196667680992
107.04328947010632 10.692355535849567 3.649657630521547 0.3296470929971119 0.7866832900914622 0.027933379903632878 0.3561497983382026 0.4623036871983467 0.00036038439074890757
71.41057736220995 17.36647155835333 2.01427676938243 5.325773026130005 0.31530242818323456 0.04475061835254 0.1831138892602457 0.5676700186355186 8.577840384049278e-05
100.50111263941535 38.285736704145734 8.078348797212929 1.8592761728561655 1.3935866403601513 0.057902604083769876 0.17130649437077616 0.5875683330326306 0.00025117834413330005
36.81561064512369 31.281928931821618 4.377127322988856 3.2717851650398173 1.0294645918426781 0.1783554322360812 0.28693477796757927 0.6010033505565427 5.487298345382924e-05
50.83523733837947 31.821862882133452 2.3334837471529033 4.079421337326064 1.5981313718494363 0.18110374626983994 0.2898483138644882 0.609058388894161 0.00019809817926397287
85.43287851604786 13.911994306529941 4.947166131707264 3.6300316172471017 1.2779181995585214 0.21866871723347264 0.18783892867004887 0.5892299289012115 0.00021095824804841421
42.179088263881866 27.303270571684376 2.1741883673881084 5.049507783663184 0.5032050123992642 0.16695385380544747 0.29640725110564003 0.7145186466540279 0.00030662947671033526
32.32066583652537 18.59849993220702 1.2945543692329873 0.6356923398637567 0.7543754455561289 0.13038613609267788 0.3094086886297769 0.6073762100338372 0.0004782091405610302
108.33359783846518 41.531607747252465 8.590883530854633 3.0550926332011885 0.8300645156150588 0.1263039740147166 0.413967223677555 0.6280990374969049 0.00023327033339783697
99.73175658292016 21.14076237845228 11.312234669642015 1.2349843327521195 1.6487879113608026 0.18030332702424176 0.4376229897516921 0.7052751136770463 0.00047519103817133255
105.10485309954655 19.907629330836958 0.1258698103496754 3.854041749874806 0.4397630137124027 0.2572696706798867 0.43203244522680717 0.4527090576046012 0.0002710181980718509
95.2117025801862 54.824360002772636 13.767873887004914 3.5929575564498837 1.1279783175884484 0.03979739216761182 0.38002677537438756 0.5099815766574533 0.000347439334434542
112.20684704869721 23.728794772267378 1.5259693390672877 5.28022286930257 1.3242003344949216 0.09505950167631476 0.4024184362527512 0.47520004732337345 0.0001293026293207413
47.361037625144704 16.97795482356372 5.537609290003012 2.045516983406231 1.2559058702179493 0.1217205355516571 0.3698571983470601 0.7300885486290267 0.00011476702286371227
56.06317499345121 12.506440375940807 7.882632752534656 4.18943076582951 1.060758385766952 0.24771506164479132 0.34327566001518506 0.5723694670556496 0.00044802803023283945
67.98820854927439 23.63466839332947 10.9004588347864 2.670144142633612 1.7176582932745796 0.1862084289218416 0.27510095228945536 0.6250502265824223 9.927006481214139e-05
111.19632918915808 28.559648635593447 13.355337531616625 2.822172487209485 1.424838339136114 0.14316083127857207 0.3224433318120601 0.585291022985673 0.00037985231249777925
30.37404167763982 21.63303384971401 4.591136876054419 1.5865452969265612 0.8780312092527987 0.19175380499273972 0.4173722018249536 0.5388559533037512 0.00011294598359276855
62.182719802314615 48.572243728575714 2.5034239966783436 4.7421389109777 1.5009431517785765 0.07520611344601644 0.23459077474164677 0.6545490416706831 0.00023811741522180026
77.77316109082172 39.73840883897786 8.56334433455284 0.4047649790214346 1.3686270956948934 0.19127223904574175 0.31341363541690026 0.6027517188429895 0.00037213162125372825
106.6988915033786 41.72040748800922 1.7062210941379454 0.8178289502518843 0.5181783790905671 0.19550381485808654 0.20878209354027832 0.5224870523429869 0.00021436230406038666
68.93563962569846 54.2659162136456 7.624620080639797 1.7666577770486782 1.009969672628114 0.14952496939178186 0.25157445914228316 0.7387861677586257 0.00033953187592809645
41.52062569174781 22.953912340585077 2.7903820724989683 1.8495929474221782 0.5007321111112659 0.02881310189790412 0.4065008004504028 0.7221542919191934 0.0004446323894793564
60.64424542876051 13.323613066808033 0.43384957584542105 0.8644754557223138 1.4750582013306273 0.16337402521808286 0.21234373685322566 0.5301994182416828 0.0004070366620536687
73.8552866870633 38.417099066058256 2.8811752198274383 4.055916217314216 0.9858531679602798 0.07855693146915947 0.1884297686688248 0.5941167493849541 0.00034077045850469895
51.014326592443695 9.71843037701721 12.15746789463215 3.3046340189124574 0.7777681174467921 0.1965492378955017 0.41702762922833714 0.4620517972203293 0.00030224886727856615
98.17801149827787 34.27536392886638 14.288740630068341 3.7755322932651363 1.0777812793652763 0.18924086459291087 0.3408091816489011 0.7311699150295574 0.0002094927745748952
57.659066082564706 48.83754878219784 10.12860900643078 4.510131506702094 0.34698137957889413 0.2456136127888524 0.24787662312625558 0.7110309057583326 0.00039872066200757016
70.56994322243347 23.43608194526482 10.561683157693844 4.493301769390382 1.8404506701157526 0.10739525813816551 0.3589906371538857 0.6697959814697498 0.00026145680438397086
64.62615639394235 45.89341634228438 1.5842830859342705 4.460803888083526 1.45156363995828 0.05031025797165996 0.23408603871875658 0.5517307753680993 0.00042336807265892676
43.581743929737 11.77805011119031 6.430976379140994 3.40635587038652 1.5097331967068637 0.22471256903031261 0.3923769626507617 0.6712985295464182 0.00021257107465040404
109.63199244768359 18.297736846617923 5.095075841521662 1.1893448710908052 0.9033125732835021 0.1799242213027918 0.39407538660267405 0.6531637869568858 0.00022388315442912782
56.402417157727015 22.589728796427607 0.4771517258864423 5.192004151419105 1.9678634139479445 0.11721984008911679 0.32938505421324543 0.4664272972849809 0.00046631405876199197
45.96480618116705 30.567853779655564 11.162391261343226 4.238995375670696 1.5046268084961572 0.2120303552616059 0.4147639567373498 0.5587884547813531 0.0004494635817215095
46.54896054180429 22.715193563002558 0.9025295749625992 1.7209395329863861 0.6105035617402125 0.22251807710836202 0.351152724992007 0.49730353906472313 0.00019467472534999287
80.79155288029258 40.05056624633874 1.0068682571773195 0.5802801341204717 0.39026667571478857 0.11199235721968506 0.18230163433802965 0.5619117730728121 2.5201736515561743e-05
89.57878637239136 25.801752693854155 14.09633797967474 4.820296929450459 0.4741630473216084 0.053518238750716166 0.22793863857636645 0.5891290172035324 0.00010307234169367894
46.58321474649436 54.021865219552794 0.33044080372302453 5.311152190730347 0.6771323426524908 0.14239689976736145 0.3108542455437008 0.5790813805759449 0.0002302606885020767
66.2254727135203 11.858124670192193 4.223630637649378 0.5713831189023326 1.5142370633519715 0.25573113376417594 0.20344630853096876 0.6495887810903015 0.00016151256830057158
91.53017788979321 39.04188204950505 3.353730425788691 3.4779164408887397 1.6181279505008903 0.10192429851974802 0.2170366413512188 0.6038039025393422 0.00035671324253250025
49.46928597283433 38.15249313516408 13.87658967952356 1.5785069883205924 1.6364027618424677 0.12603617898926459 0.3918320141579982 0.5480769431663151 0.00043360705686348844
41.28843970097636 45.56982165568342 4.873168601047829 0.35600690607976315 0.9259251715307635 0.21529207406565284 0.41457525539056495 0.651987699993385 5.8007628881967886e-05
56.876060142823704 44.30726883405255 6.595102097426575 3.7120355718903713 1.868577762037671 0.06439665619525031 0.17082685682357007 0.6504410085223467 0.00036561310558294824
66.92873822738314 28.831094428484672 5.17960716693828 2.900523777020973 0.6828381806256516 0.07831973582889108 0.15571955993001185 0.49966443601949456 0.0003825696974263822
98.38097374901021 46.56031459304722 14.779393026748785 3.8755802678492635 1.9867547082523693 0.06388268516751527 0.22950577468915467 0.5689349039552656 0.00016365801891547843
82.37820293177569 35.79917990229846 5.834607988971043 3.122982752434687 0.6060672477611564 0.2248321489659637 0.4306786437019997 0.7471077693421866 0.00018427947699829126
46.23069597159452 50.20601876531657 11.831042731010916 2.834526485850728 1.7777169748184565 0.10643787937428348 0.30800625062784137 0.5752473422907404 0.00014596395001022694
68.97910104085105 45.69144912233174 13.842652703550753 4.843105206194621 0.7611102944965238 0.03928555440100347 0.3810770693418134 0.5126609437097442 0.0003992367282395652
78.80057785249531 30.9907183189436 12.352205409085146 3.836819252515528 0.9217245667275822 0.11855662721641937 0.2904674850131631 0.6414995070755021 0.00047958632395182034
102.10372851386228 26.313108902724174 0.9419096560775853 1.0561333477440342 0.5892936874410779 0.1174702807016357 0.20501039552315603 0.6385780820478147 0.0003220988986676792
46.10430569898631 36.061105768990416 10.204461453606783 3.957631347444371 1.8325747708976554 0.24060310609731855 0.30475427071443073 0.6162981574817488 0.00017495184819797145
113.14198697303526 48.11114263601993 14.535490321135557 2.4819200862766255 0.35778177590668087 0.17778826142899204 0.3407257419272808 0.5176318477537709 0.0001812797358385405
72.83936683165074 24.983167464166467 7.751857325198949 4.257386272886731 0.8601562759941037 0.1331427496082764 0.21286522298426733 0.6298606577648087 0.00019527712196703981
77.52507379469859 31.32745713355524 1.725965786336801 2.006649152113149 0.466745194420774 0.11900613904977494 0.3173115850872118 0.6972605113672159 1.501133315637947e-05
110.52012766229136 41.30251039035072 3.1804498790298315 1.5355272696465514 1.9303835734095636 0.06162164973853797 0.39600088881616813 0.5314391341792083 0.00035800699149513297
47.81073992339573 29.23447180804178 6.024017668788872 4.521312846622044 0.603562010628673 0.20116236270095667 0.19859910654136853 0.5342292661451526 0.00033436763815213527
77.45460663647376 47.171808625253234 13.178184337914486 0.9779980105248065 0.9390426873997888 0.12031869419374634 0.4130265241986365 0.600114874922199 0.00031997355577324766
40.7003303098641 42.049804295710224 7.969172828741098 5.1472032630864675 1.9292039923934727 0.03222422079178313 0.3708313913420783 0.5475982641812815 0.00041547816912055783
68.71286925138475 41.38296279742755 1.912872698276512 5.138155510820251 0.38057741389558564 0.18808637182346108 0.38911806610933364 0.7431534824424966 0.00032120926736675973
94.6311867501137 30.747105143397906 8.492838014401526 3.283531732772361 1.0574518139041378 0.13546651607071233 0.3285727731608694 0.7096337548902596 0.0004355287211957476
89.63451973374212 14.79801183879048 11.49574761733325 4.5961467895501835 0.9107448413232837 0.09673750591256004 0.35300143740939016 0.591577210347729 0.00045527079682564287
103.89041688207041 24.678958261492077 9.229735190117328 2.378363692080665 0.5230278273352018 0.208229932252645 0.3694479730487801 0.6885225964296502 0.00032376439312782623
110.66638329572349 20.2132630721027 13.488096558081219 3.4195193449181227 1.9840775446918502 0.11595158551917112 0.4297618044614523 0.633293771450496 0.00033888311975426006
118.38959384278203 17.176118754829595 0.5516034442520155 0.7113508973885951 1.0233211239918347 0.17164583849529014 0.19912464823908121 0.5203631681089478 0.00011661820616480124
73.15707880597532 11.443851189083622 10.575114874222901 0.38200954183157115 0.45116148660175326 0.08452725116760115 0.31399544674605895 0.6395957915831851 0.00046326939211561205
86.28320222756128 49.973199191424996 11.551441368368769 2.7052108215399344 1.4926476220659393 0.1610018328134375 0.24678703144010822 0.6069420970559304 0.0002477936489316175
116.40745188011326 25.999667113984003 9.524929173614703 1.9165344733273144 1.2674128891008827 0.04398940881038445 0.375899798976448 0.5773455759763779 0.00022091272997906664
79.98631345795911 24.13808665127403 3.2566284857560603 1.9950731125683236 0.6163589842101165 0.21949270857091502 0.42572069619247765 0.660604961834787 7.87053958122577e-05
112.46650191835877 15.649024762642405 8.056564580051546 4.793763867824027 0.9440950865789701 0.08649532792960186 0.3050080852913349 0.7200410895371427 0.00048526417780500337
79.47950865525621 31.512987011946237 6.946733275168618 4.963647090513614 1.4912035113053919 0.2264212368549678 0.3474492443221677 0.6626869646726188 0.0004950508540914642
94.88445064111389 17.07566994695685 1.0105399429345967 3.39958994817694 0.9418078613924479 0.021090302333383947 0.4301597526866249 0.6427843230027952 0.00013629910744022552
63.02650715074415 37.00157357420703 10.18676096509709 4.2642002010884 0.9598757117330934 0.18959190413131305 0.19979742950746743 0.6220110010621724 0.00031336723616405055
43.971784974436034 22.21500630172062 4.807102671971142 3.9178139029825454 0.4908678233600149 0.08808818208018554 0.207957840838403 0.7228370941078884 8.382211132550776e-05
77.68782501386295 28.12335853520926 2.849389126109272 0.8109159938996922 1.7112866183823379 0.14270673169960002 0.1505971122628064 0.4514979512368795 2.0702284770896967e-05
33.95183883618709 13.871349437904286 14.436252963581055 0.3754210331413207 0.5274068991072259 0.23664653136529 0.42079975480938003 0.677591217255112 0.00021480498176804544
91.70010866037126 11.072972367272827 1.3285775993977629 2.383181408715345 1.4566251044638168 0.03340819448563903 0.357232977268795 0.5209630631743949 0.00047758003650130905
87.7990303206297 19.87317927942263 10.041205633808536 2.3229044109253913 1.9222713393077935 0.23392176003699724 0.23352699801810678 0.49591478759970714 6.751736951641907e-05
44.7681260793049 54.62542795975339 8.634446070640026 1.2498685874368909 1.2088302235142914 0.0773956164071567 0.3128190732498811 0.7169048270774201 0.0004221006796381834
48.35086987696744 44.80191258400131 14.880719271636625 0.8271188092324451 1.2948659144948516 0.2378250093151672 0.3003019485047998 0.7107963765520242 0.00017068408025960722
45.71806555113685 15.324818200579275 11.868907390314078 1.1324821602707398 1.4122248329267828 0.15288315461398433 0.282100356292243 0.45657663939765886 0.0002652102326156127
67.87124211393532 26.68040686481052 7.116398979347977 5.203894913721847 1.170474597850227 0.024257347003178897 0.16604268618429247 0.7008645991582586 1.8631081191049528e-05
105.36261545092049 33.59037406989923 12.863037994375398 0.8469687455993115 1.8860399738140083 0.047640093360672514 0.202073112558597 0.4612766066923008 0.00031165531492968415
40.87266961396477 41.054719274640256 10.457317910462296 1.7673505104470653 1.3695056331258055 0.05744208058156283 0.20571403858450996 0.729365339734535 0.00011226995289831985
55.47845837458568 46.164745840308335 7.706457112006413 2.6331258206095285 0.5541359545031322 0.11655174745473916 0.3012071330106906 0.6835624924523499 0.0004173372959375654
118.86913446047434 22.998498717970477 6.215310863948279 3.2576226888433557 1.7889637567799528 0.2452769435264041 0.38784206980437597 0.547492182175072 0.00047553557529459855
84.49147008912294 9.30449689656475 0.39742127529408144 2.6390680641712967 1.1880566018720085 0.07889471842110798 0.24074393140733472 0.6104869691785684 0.00021619218248532243
58.0822815669074 51.46969464365244 14.580374834551504 4.851219482790434 1.8555652146431396 0.21123140417760702 0.37551808616062 0.5046011235284134 0.00026550113335460456
30.033708610696262 51.79237252945339 3.048559267524455 2.1139733879816367 1.0659209925438997 0.25544195509956663 0.3212975680449428 0.6431739736858465 0.00013080043023904072
113.96859619626332 49.44479405832169 9.238863725521266 1.4037820598063007 1.951079534181818 0.10354809081744952 0.26388041526683065 0.498854147237101 0.00014730144400192132
80.46336717912894 22.03634645736637 10.836145775291614 0.32533919322665616 0.8808117901764145 0.04293847215451241 0.32739502415497723 0.6851269781802043 1.9177413047311956e-05
54.79513646652185 51.96397544741792 10.158889744556996 3.072529917227865 1.21665330053048 0.038836014096003714 0.3158183128555222 0.5908831928252765 0.00023119657378398295
96.54392499864824 40.75775022713317 5.045891046689081 0.4282894890240063 1.375084735407879 0.21452825253541646 0.40970696661967154 0.49705390463395993 0.00034368294842477713
87.89947476169601 31.89455366301121 6.507771609742119 4.608265529962511 0.3074934202025263 0.20252134059948426 0.28479301212561947 0.6773048893256066 3.58954206085323e-05
62.434935293358585 25.352873772794474 7.695545109857876 1.637325014434305 0.7383131178686528 0.08237924263203951 0.3616965516429534 0.4668360008248851 0.0004858287411371757
61.46632739241428 43.050811711880975 0.23361222745414287 3.3896761650618163 0.6466002416786159 0.041454002143168536 0.2332199886373752 0.6052258964234577 0.0003005468508109309
77.06729229580331 40.6654298727907 11.34792455026202 3.589868954623766 0.9674646407669261 0.03600580484104156 0.3179852138249992 0.48447588102582645 0.0003357320723948375
109.79874714970667 39.102370962426164 6.122923624716988 3.379450010636129 1.7664621521778219 0.05651480785609997 0.270479735605446 0.598196516963592 0.000158340266634369
114.73987602022642 48.8000866022485 10.2460645314238 1.8705371037495124 1.7248042707398505 0.15682840498431835 0.3354435332206445 0.5106240097709298 0.0004114525804914679
37.120428215357265 30.128486301076197 5.500356864892989 0.989120641476465 0.4698460542288623 0.16993803985129488 0.3886859898874389 0.6643549019456515 0.0001244614754030837
91.39537988286511 29.005459616495635 7.24538928730813 1.0745464506611202 1.2837948729548851 0.19223746667611474 0.3237400056020261 0.7211263569922277 0.00012026059654181249
40.54679130529974 15.87965940837351 0.8665015844987232 3.9823401505193305 1.79116730063066 0.2500495078041444 0.3425803610944924 0.4538822590643684 0.00027290245514350334
101.72389064542352 35.84270234446416 10.616520687700458 3.771744042079424 0.670521296165036 0.045342759851333 0.3447674438698531 0.48171051931222675 1.3438270686484462e-05
30.873726532001644 53.237380918508826 14.243033629289457 1.886414302347106 0.507705407070524 0.05049900473818607 0.35016967971773927 0.723650284276844 0.00017987282932711165
84.55857003465653 30.583914373964397 2.9626361653781736 1.078241333197913 1.8964592176694326 0.13786598944555592 0.1913683569710733 0.7018235692435086 3.4644605221427474e-05
55.781903821631914 30.259688072527677 8.018670607001752 3.028578354771366 1.0026345379798793 0.16756154353376926 0.20101780146924192 0.747387817331352 9.513292316734767e-05
101.78086198652304 35.99433258528776 12.31899373883294 5.221664294979803 1.5604155240988906 0.03726150321874415 0.3577069147291436 0.5728055480691261 0.0001249116144414885
66.57502815108609 12.792390562022407 4.0151671106997595 3.4567404911512836 1.877400822034153 0.14354285294693378 0.4471558329052664 0.7296981600066117 0.0003102152422039995
101.99302494430596 46.43571069902929 7.390008910205036 3.167054836841384 1.3652765571594738 0.16184995983305256 0.3980477275372851 0.5592693527649413 9.108819581741019e-05
44.718219721566726 33.55430139894308 14.52051218234068 3.4620256740309925 1.4163740460310574 0.17746875794209024 0.20522328956557495 0.5841099522473268 0.0003828560219177621
88.63833958876367 27.997467135512956 3.7940753847841053 0.3886010013245593 0.36513709089805557 0.03350901200946211 0.43680398056225833 0.5233359899215939 0.0001110491140392286
68.11449782742324 20.86706374889156 1.1550728529418233 2.4233056148004555 1.530144087045542 0.030197601020183443 0.19697528046061935 0.6716163407560797 0.0004397220834927318
70.35386336269778 39.491184696896205 14.206606717623199 3.6602844045077965 0.4434885018675988 0.13052653423478014 0.3870540054135153 0.5439802535572061 0.0004935255136638761
100.96158052232796 36.28004183751986 3.013156375945192 4.872721170779264 0.9325119107337174 0.05367055073033848 0.3318496622384469 0.6746039618621842 0.00012209573813888654
50.60028418996594 38.53909879200302 4.7712443216093785 1.7777684235164348 0.990376730939051 0.07604298554449854 0.4265661506064884 0.4518344358835982 4.678429075485524e-05
87.54395557467942 52.33213253757661 5.372587942816216 3.5279911525761887 0.7647058880509445 0.05220767615664347 0.20186493582200243 0.5578175084326532 0.00018394348263572245
75.87531475575496 40.258187379548175 3.818890223453747 1.5997297481956492 0.4897675298500829 0.21927635918490143 0.2165218510364718 0.5050596472454955 0.00036889902804881713
32.476281099457225 11.179084794111906 4.355600483887207 0.8412030571552582 1.5444217012250803 0.08741615986018608 0.3908035594232191 0.6818434222508102 1.128927483830622e-05
98.6023640225833 46.76575383751175 7.210532648063372 5.106673978900654 0.826133763464451 0.149274895681835 0.4341245584517749 0.7484866242494238 9.820792705889137e-05
64.09330216343301 37.11787596969279 6.161163435246519 0.5114795869775708 1.5866159191113083 0.15263415671623418 0.21779252067677962 0.6616127278043412 0.00028628959521192045
119.95014051956622 44.73071257619354 14.668360173718737 3.962036605329922 1.4412180935517556 0.13071801383441403 0.35991660634300804 0.6752583390729134 1.955824231010662e-05
93.74291765892875 34.24989112265402 8.966253331900596 2.764503299780573 0.42398525672026555 0.2044881963110333 0.4236047017121667 0.4653863813244514 0.00032225687572288287
72.10817392153706 18.485991618493795 7.791606546748025 3.3398463447316096 0.583862351278953 0.2597995105391757 0.16675811104118415 0.7266254028465728 2.9022234090147278e-05
89.16267740667587 15.125529454867404 14.912291755570662 1.1040277661154398 0.41181579164839976 0.24097640556756278 0.44266098867129056 0.5242188073038907 3.2993189000011185e-05
79.66669633502866 23.82620014219517 4.494417592190735 3.7033770939800945 0.3310848172132171 0.07315643165785145 0.4332145651281627 0.7417833916551166 0.0004242926104008411
50.771533017318745 27.644405451761596 13.858572627097061 5.000111272545119 1.1269520693592718 0.14757187749764286 0.22129582792679284 0.6929598700868577 0.00026281205915203013
73.25664587743216 43.782807270778825 3.4975760364531396 4.4749403631669304 0.7725313066509356 0.23616686579190668 0.1542369917415964 0.6875644400294638 0.00012397015435652988
102.98863570790661 23.20169264166455 7.185512965727646 4.665745926891571 1.6158958491515505 0.0969002333614085 0.2963888587002558 0.6668526630240631 0.0004618433243054217
91.10725233899478 28.020326513225353 6.965526224315788 1.9483547378944335 1.0901509269170764 0.21626177652759943 0.23746886994790703 0.6954406135788034 0.00015731812354876113
117.47431467653922 44.55660195543501 11.597827391136038 5.208023125037664 1.1930452106804734 0.035012990891890514 0.4215101913963999 0.5379411179050609 0.0002987690087459299
114.4305975974601 41.29071316179884 7.653453304862122 2.721160415909393 1.025707613617097 0.0824997630308391 0.2931551619722163 0.5167730766415799 0.0001319850261812866
33.61098344113603 33.39312335556444 13.527110569025613 2.7186413526769115 1.4785753224354967 0.07967564648643781 0.40876833592253636 0.45495466409822255 0.0004669618494863875
96.84728484421586 38.97049466417411 12.555025257954343 2.91815880103005 0.3259767736100921 0.020160621702219116 0.1803848842704112 0.5568883392296523 0.00012130803330770625
59.245937875259685 13.932480751206983 1.7790990559598596 0.8953618277123451 0.3237986524082038 0.09579970273665996 0.44592296523926267 0.7351115687998624 0.0004721484701884418
108.60678607539883 15.807006274824825 14.380836259237071 3.8105547388236864 0.8199930291951449 0.05981105527839342 0.17105628329656364 0.5470784905072025 0.0004050889506892848
63.66640697836142 44.95188473815503 7.132237695554476 2.501250479731557 1.7578863885047387 0.04011052239028829 0.2894033605848173 0.7171281609081845 3.849501080702456e-05
82.24132221806144 43.25081728360357 5.480495151960457 1.8001575040624427 0.8866545902648522 0.24749098645373432 0.3073585619581069 0.7013165728721977 0.00016110637274662108
59.98044653764562 41.40846798450011 13.918597574903457 1.4443261001128587 0.8457583064322156 0.24201200860074434 0.22420385252319186 0.6808744524928872 0.0003970924665192508
83.74550878840813 9.88415692097014 8.989734209593186 4.813874924709777 1.8784972805841027 0.1908282813445511 0.30284661938069324 0.5411938352289338 0.0003613353884411189
103.87225681037381 19.540853987862867 4.4158075836816 1.3457993556102028 0.830819841201194 0.027462937867439027 0.3333075045455673 0.6663163618982025 0.0002935694206953763
56.74942389247471 53.466675866385344 13.708393654548413 4.35772499710542 1.6460413690271436 0.23707330801861598 0.2114359646809095 0.5630043413097218 0.0002763491627815384
78.74455571710058 42.78038453976741 10.079735698410154 0.9958514622408519 1.3623315431414538 0.14567320202013948 0.24469798988334057 0.6192150639364373 0.0002917835744707529
72.97984688559612 22.541075526318938 12.302734548121878 4.122715422175114 1.0734104217287028 0.23590165548737752 0.3144209271036936 0.5944463440445422 0.00043217832660181815
51.52593996114663 29.185685734824087 2.894637724931534 2.36574295992139 0.5638905176822615 0.10142685630876937 0.32131158498168366 0.6971821909652418 0.00014276270224187142
38.919710228429395 46.618496124658044 3.4970289725551327 3.599802106448096 1.403772969218017 0.05287983590436554 0.38398674924890497 0.6540264938163656 0.00017313570281963833
30.707955853119746 42.28591635771254 7.7325175958872725 0.7798278825066626 1.1405378830764128 0.08540145994297774 0.21578604378743205 0.6548559334167471 0.0004789666315878916
55.320419564116634 51.14133704334201 1.6641451859273224 5.1052589851275805 0.42110046208881063 0.148463675145679 0.28507546366593994 0.728870912355171 9.899060529248254e-06
61.866351187266034 16.624876510509523 12.58173643380743 1.3119412286906975 1.960782415869099 0.08902961369288649 0.18479060743506392 0.6133985753190474 0.0003105909552613521
102.51627998120622 46.06376536907911 9.402625933216854 4.17139280278788 0.9762169439932091 0.12927156677069016 0.4080758426733895 0.6130023606217176 0.00010049925078690183
108.1975607058912 41.20769854772438 2.4956302848006193 2.2367770712849033 0.863675757797554 0.18978076888922774 0.31016842476629275 0.6247722485998829 0.00032542155463900004
88.45485979790362 34.44584676793163 0.5638764042062542 3.161369353057282 1.7088687334813673 0.22628987877418416 0.19013790244773676 0.4694815386159374 0.00018122283489607714
98.73695516633154 9.071964290171229 9.884008432219943 3.081347770582538 1.6003817626209267 0.12070590984864407 0.17377345186524285 0.49214530287068164 0.00034317496544372043
31.5772280788469 18.528339853361324 14.644530117076252 0.6472524859142081 1.7004950906526024 0.045166239876733696 0.41180668673705134 0.48089246176002937 0.00021205989848636228
51.26526951261968 22.352683113242392 9.32812923374167 3.1583323146570828 1.8001487387701152 0.1400879496609808 0.38827617387740104 0.7056539533340507 0.0002436051248561894
115.31100167776633 24.833940160846524 13.144285208718662 1.0648566854655512 0.8450216272314957 0.16042430364343696 0.24968521813862393 0.48254336319169594 0.00020706242169389626
118.23008195017353 13.478322702571816 1.9558229693326759 2.3602733868686165 1.0590268885604115 0.10328386597245186 0.2911445620151835 0.6735770224804025 0.0003929948403985536
41.180514164628775 43.3995708187855 3.9696510153400193 2.349516313092265 1.1679389746228743 0.2546339343796936 0.3517130567948953 0.5650649965247598 0.0004096734008328274
52.13354867063289 26.768716317766835 14.168420326324147 5.347681775785224 1.9380135446237545 0.19758431646864974 0.15498756511759584 0.5708377505045584 0.000440794806400998
46.70939856414307 12.231640687908836 10.030734261496217 4.697573203484786 1.8839738361037421 0.169714835145667 0.32661835024877384 0.5977231012783008 0.0003630922259593557
63.30907002012397 18.35572729062018 8.37450078676737 2.2323108572159454 1.9036206067168882 0.20859745675665045 0.2249424233003102 0.5910357750503045 0.00040190144991340425
95.71478392181378 17.133340601975824 11.801268407016781 1.8724695673146357 1.2863294415210396 0.19191449554287102 0.4295248340363802 0.5861328418211075 0.00016054424165813793
96.22894804867317 19.061276619218162 8.879404551475066 3.7800071686864927 1.3955204739147953 0.22387216574919958 0.36144498615122767 0.47012438373145227 9.780759165522854e-06
94.98598466406301 40.82241913192602 6.784165064243872 1.7091940636332097 1.1096160165149402 0.12082514300874835 0.39307679422765296 0.653512300846109 0.0004864964089126908
98.41365073917595 28.54185608852619 14.89954574854449 4.479617484308779 0.8836267400984807 0.20204906539790615 0.17661850585124297 0.5174922727576565 0.0003073533398418555
111.95312654482633 30.497657484262668 0.3578300510594752 3.128922005580207 0.8613104627214303 0.18261500290859248 0.3044047479101212 0.6242702603683205 0.00023694580009224088
67.55957980908329 36.33677981534795 1.531391261362342 4.036578431964474 1.9779013421688583 0.18552542279251183 0.23501982049762232 0.4704062535719423 0.0002896519878339752
94.12244185696952 43.70522649354682 10.765509085622925 3.6886547053587537 0.744607042537041 0.14173162894329108 0.20001396570152313 0.48883976139260893 4.4313974023446704e-05
35.898842647484244 50.08272641961281 3.8250958846513026 3.6348576569396336 1.2707667963067562 0.16415218206681914 0.26130767369495855 0.49859034364109744 0.00026035837357689476
50.465378795220005 39.61495658095248 6.381459107662495 1.0876157197072194 0.7306875542871313 0.049751698567848474 0.2941691410173335 0.717820219210507 0.0003592979332889565
61.784664098437325 52.432557058000256 2.434929465451798 5.299879733179073 0.932067436504034 0.044676069844974624 0.3974735319845516 0.7248338093581315 0.00017843354390719652
84.9035380925857 51.39708899633736 9.504002503150918 4.644305069113756 1.8644716254491618 0.11535410855800464 0.37416151652802565 0.5151218046946769 0.00019335757371534272
116.78598243630935 23.948498384178258 4.230510961307127 4.78658058876178 0.4300845501645253 0.1806638723746943 0.23087073209410885 0.7319769528085369 0.00016165759357542446
67.77771370764938 45.572735692167896 5.183721961926484 5.090621134196613 0.413921796804168 0.07030126066336383 0.3582763827987886 0.618139148919545 0.0001754726674487355
114.56188648279628 43.96608912943561 4.0432343466148355 1.2307651568178894 1.3420078170189143 0.11939460027579633 0.4282471074105496 0.6951245111878807 0.0003650638579677782
88.73281570062188 42.19108753157604 6.443603174481007 0.9009067724791275 0.4255611550585623 0.15910367292291916 0.4187581955662163 0.49172802956005274 8.917228985051965e-05
113.71254204666656 53.02778331637364 8.819397269902032 0.25287160120300545 0.8531205808633775 0.05523311400736032 0.2676501397251941 0.4955980118364481 0.0003519435176273596
89.8637573225266 27.00992876406957 8.895731563240055 0.7376456415021292 1.5829368805325648 0.22706988731890032 0.4377650829676222 0.6866295190294096 0.00043405009741098965
66.34438117194969 50.3808302598194 6.766569341906313 3.1919728297637837 0.46348381530435856 0.24383184704993685 0.44461381354801355 0.6196826066281588 0.00016752966283606035
32.10297256589643 24.527246578209123 11.011387507092042 1.4704411928225052 1.887890838824065 0.24986341861309275 0.2799381877599285 0.6373397900244558 8.546383584044227e-05
114.62466496986184 10.312173212610558 10.120423414879534 2.1276102781260864 0.7951504440046442 0.10511061344572896 0.29290041680607437 0.5486967223396422 0.00021689115550882585
101.46162991654387 43.48998986315517 5.9101456217368025 2.0311720538010407 0.749153994074634 0.2002362177720324 0.3395167941606183 0.6861625582620898 2.248718329748187e-05
97.8725344865397 45.367697381326316 9.417147487392496 4.834389766658285 1.161754378752533 0.2160337260728965 0.20942410105997086 0.49232725145431844 0.0004964005857931348
48.54913243885794 36.19605145238029 2.053014835957405 4.767589482768903 0.4574525063800794 0.20780785078928934 0.39937816678979593 0.6883277284844791 9.051358520108515e-05
38.34847065437552 42.555982408609026 10.276720059437254 3.430654398107641 0.3712958228133624 0.08401956970841484 0.4141764315594727 0.6895315286676034 5.9691176976662974e-05
70.03315196105318 52.321455908440136 14.493713214490219 2.926352156709673 1.917404530681194 0.09932913621217637 0.21249020672028812 0.49133766670417317 8.829811266907606e-05
33.14690688297671 33.16565866879408 6.6825444341513585 1.3872662958936943 1.2324377282879704 0.1155901860331015 0.37243810116948084 0.5794844802533752 0.00020271480525336678
35.22407045600195 18.861832985358518 9.682447474202226 1.2098780551929293 0.4270066345853807 0.048405589231718255 0.34970079935361087 0.5337071884155373 0.00040769296523991385
57.9970610743208 40.11302240739502 1.9948049601131495 1.8978833443908472 0.9005022763234989 0.11409477360262402 0.2665918686294102 0.521171478724002 6.669432566256943e-05
61.667084085706946 44.03327866701659 14.844344030530381 3.5584391106708284 0.8774017736163437 0.034022370967666415 0.44340331414356393 0.6017731233268735 1.6694533294172474e-05
57.586467031347105 44.19174715191133 10.689791392459737 0.41788646347764213 0.5456669746348329 0.06821290556300448 0.384240108196097 0.5544044730792465 5.088114500542302e-05
117.54593148874892 22.250051365785154 4.4241406435953845 3.3150987247875854 1.1969906854581136 0.1937439944912836 0.2709268841171986 0.6075602922098374 0.0004440996167892336
86.63271932499097 50.94937725557354 0.42555276718197543 2.136076694159922 0.3821387521234915 0.20315025330352657 0.3731018753472861 0.5606259640316217 0.0003580810406243539
95.50157405806739 47.04226062746836 6.7158496689369365 3.766331401646727 1.0520458712946354 0.14684758417976432 0.24552989026409971 0.4730810321848569 0.00033510061522676755
111.66076356165281 18.050899113945107 12.490017106182043 4.898368832676884 1.4888774230548183 0.08144142177570897 0.2842631809236871 0.718444195192372 0.0002448062392344775
81.62598780302051 47.715076132157286 1.4818344143765667 0.4693795081070986 1.2976647624151427 0.19155639565079705 0.415051789668906 0.46047585918867384 0.000282157541308717
105.7497183634815 40.62579301155886 1.4871141357748836 4.393351683439911 1.7291477208059354 0.1530940950664459 0.3936890152354737 0.6329913217375883 8.053857857603523e-05
83.59265654762366 48.60701323837629 5.417156374235304 2.3434436802351537 1.1759356970381276 0.19330597439522373 0.22098678780820857 0.6324651772201482 0.00025236764117207694
101.09525550056506 23.62705933865756 12.28570301603281 4.2068029619392036 0.6053464394594283 0.17600992985179215 0.3298097314556889 0.727472135225754 4.2359274982388685e-05
87.44423189078545 10.516335824672188 5.844294831008388 0.6606869925944068 0.8493632325587543 0.07447064502458366 0.21840240955916268 0.6957467028376626 6.786020067073444e-05
37.805664556050424 54.422926268917344 13.114515901532462 4.2508343001084885 1.972687254140426 0.07805705634476408 0.24700309419253363 0.5810905841446038 0.0003820562635251421
119.90552136184388 14.396821913158455 12.446928949906255 1.6999002536132282 1.7229021835233955 0.23090858065373282 0.22503735157630972 0.56086602000805 5.153438234779242e-05
31.189110519961044 12.140850914840996 5.929683672801663 2.1721639993299044 1.409921557560051 0.09965782793269407 0.28540302618483926 0.6106027796313654 0.00036791315690175156
41.413621328933026 32.773928601172 13.691791487523876 4.1625016345966115 1.3382927898306693 0.23823791870412447 0.38667882772350803 0.6901672983742868 0.00037160934318614043
76.26406968030956 13.452056763131313 7.196543682774488 3.1368859694413564 0.5308042967700707 0.11183055609880592 0.42693670157278873 0.5003633275026578 0.0003166846331622743
66.81821580091075 43.12421167148392 8.603894244432379 0.30809199661518827 1.3403743794843506 0.23693220976443907 0.306425861893358 0.6205066348390741 0.0004428397304504471
88.96148222725161 15.439651108422517 1.3136583270988504 0.5876350872142252 1.5229348558049471 0.16482313688214315 0.17532822132816828 0.5064525672877098 0.00010755477039354528
58.25663835732101 35.616635906003566 1.5487388403435054 3.1011406608137606 0.8419234769961048 0.06346453380107167 0.25029817509237173 0.6605420144304134 0.0001553005215369487
65.08261512653405 48.73674261433182 5.289584574375892 1.5491322848986515 1.8386227898920633 0.09139536082695322 0.4387325544261522 0.7399637109048098 0.00027062272285624636
87.1902671130141 14.757205368100795 5.06465751701162 0.2687974702153136 0.3539525507668073 0.10052846065631105 0.2521273893479371 0.6727278454645352 0.0002556270443796602
80.28796235301064 54.681513707469605 12.975184425730488 2.0050859472993108 1.7434998473235057 0.07877160188246886 0.39584422227372296 0.6582402715257281 0.0003410408134118559
118.16371585640252 14.163992811796316 8.554558060703812 0.8738581375716875 1.3814971374155767 0.07194578379234477 0.25867570020132397 0.6763987289920264 0.0002749243556242967
90.85008350119513 53.16240113693607 10.189312694178765 4.329481383116051 1.2801045476006945 0.06112871434822942 0.36072239744504087 0.6558634585877591 0.0003924960175377575
64.43660485621018 30.328142990845816 9.60672059477145 2.9788619735114867 0.3578930664698413 0.22220321135510726 0.2287974487429579 0.6590976515143345 3.947981921188781e-05
100.40266191530162 31.991997796376662 9.049875664485725 3.5001466003461292 0.688302682181781 0.18485432032697516 0.3236233670571314 0.6613964715906353 0.0004977974461358016
39.92607763076224 49.493946926735205 9.265370927121696 1.3046729048925183 0.40495710691160297 0.15192517598656058 0.27028237745881273 0.4874938261541033 0.00029646350936287784
80.36582785962182 17.228546735865052 3.9071425402551445 3.996618620183743 1.2262321889816203 0.05019009070185175 0.20787381030310714 0.5025474397937159 0.00013888437593124122
88.291119208723 45.24314481761392 12.775073964884633 3.1763912575341684 1.1623509846514464 0.11267281334632964 0.2772933362042279 0.5499822521572535 0.00031407250339885844
99.30995685632597 26.221973504818227 7.361033650993453 3.211959678118079 1.925194361572489 0.08096285547973885 0.394326253016516 0.7353084854784873 0.00023525644750081932
53.71664966871274 39.28946395809607 14.858754696122062 4.437095820401061 1.6038923221382464 0.22111436047367503 0.31068000434324416 0.5260951096681487 0.00039476650968637357
63.21624251707876 54.88203335077172 8.426569249646668 4.679328283763611 1.7368264276266456 0.13631671825557 0.21884762451161655 0.554108479410315 2.5676766465030383e-05
83.0236712424161 53.62459387377226 10.930088755357634 4.504808637068806 0.6252393405964067 0.23453753395576693 0.4112404116749626 0.6880162979701676 2.0443632446428738e-05
111.32247374048727 40.14326133425874 13.437235519960133 1.942388640211946 1.0618999002477274 0.16028804514343542 0.41970931849692694 0.4940478773187996 0.00046152025772319314
94.20706568227325 26.286723832658318 8.462841285479433 1.6677093222431467 0.7454004097079647 0.08595990359561431 0.23896615208766864 0.6478274603781204 0.00019101079420625106
109.6660690195849 32.60012168395944 4.132332203039677 2.099929734488173 0.3201226678177852 0.12728174547384657 0.24868351123960908 0.667977500646178 0.0004461778450131713
36.48049699054113 15.908307351516063 0.4876345694036356 4.580054618371235 1.1860255323453437 0.16686261472371655 0.2259548771995264 0.7411077491815902 0.00019920145785494792
30.774100351056887 49.028640771216736 10.97379306825919 1.878740571265162 0.4380353125324839 0.21885597536077525 0.21915940824950858 0.5584130458818444 0.00022258179799794294
58.47680576499729 36.16017277047273 5.07905678317082 4.020155440605131 1.4442460476599448 0.25184302280916065 0.40572346672396353 0.6647378533601511 0.0004881450575010982
57.42534822003503 13.368654498052852 12.099082193952809 3.2963681154672577 1.5641187717803002 0.054395043839606666 0.16087729710689735 0.7103507772219083 1.677420963432637e-05
68.50989337644825 13.052846906561829 13.518832287018967 2.5258786640077258 1.1036149939378497 0.14904652289270534 0.1927543438926393 0.5406785926692835 0.0002609332187905229
39.4724363006234 30.05600755781758 12.525015165274857 4.930222418550811 1.3290598461717202 0.22275579692558312 0.20068665531192517 0.7283434359091241 0.00034914165742450906
42.824752365530316 54.54604984027815 0.44290410840109284 0.6144443186373292 1.1318755418466429 0.03176432909828111 0.30899509275930986 0.5183247346737078 0.0002568254872603417
40.97064821699311 31.1720086663796 10.855413323247832 3.8695576928619966 1.6582816683618151 0.09902264687967044 0.33834956641912706 0.5799333942964433 0.0004375179624034896
38.05249934326457 20.00484944956061 6.272177054033264 3.13058510585247 1.330271740796588 0.08833440091262197 0.1857050764030395 0.5831566807881162 0.00034178746587088297
83.83730601169277 33.119198768178286 4.813462576610253 1.3493067359816904 0.41922249793554106 0.25499397250627454 0.3792631737571515 0.6705448295706427 0.00035598608470436134
47.426979131154596 47.54912692862031 14.675838007969869 5.056760447880755 1.944303019664996 0.09178898708538381 0.18610948715630046 0.6013877001541895 3.4432854572932273e-05
39.20829203829687 24.43495710695619 14.74599098805935 4.098390653028959 0.5124285649005231 0.250526364667456 0.3153769221474566 0.7264680810226791 0.0004911601472886188
40.42843145311689 45.72172800596865 6.74654086705066 4.331556689962015 1.3565385207381442 0.20571108462762414 0.18258216883508951 0.7131883044499546 7.777795834722803e-05
50.18386821309136 49.774466499022004 9.910601380672063 4.004308660443223 0.5740926648278977 0.09838169143164895 0.2642369184785424 0.7426403514039375 0.00031600634651697513
30.175564287576893 43.15706207224708 1.8275175221653737 1.1471360238285753 1.8378060734430277 0.2488927266971506 0.44043157256942334 0.5744949647959962 0.00014540362153587214
92.39181687591736 51.77742318604671 6.740620067352897 0.6318827231463349 0.9121138848604728 0.0934473860427822 0.18927942665822586 0.5012255396833556 0.00011635718893520658
98.02146226703432 16.71014926324552 5.638064082107268 3.1123556986446266 1.4669821744651481 0.23556180420513634 0.2729602671862337 0.4899232457392352 0.0003027350541410185
116.88201054448184 43.322923988616516 0.13630265202107095 2.4365151903562055 0.5514810091422448 0.18171266376115092 0.26965838589982644 0.6658275924450904 0.00039655401995518906
105.79602323701828 21.39523970942617 3.4277284568525563 2.627740420825489 1.5023553850907896 0.206556356524593 0.2142113814938808 0.5714288058511364 0.0003457442165625704
101.24276068488152 12.582911982141926 8.443228947913074 3.6919310779745014 1.970121773432216 0.15750260085231116 0.1568745097270413 0.59217900201595 0.0003812270775947647
94.77577807276833 31.41955414923389 5.8895526391541155 0.5652249498769153 0.33553978654408195 0.20148944569365973 0.19480809634130747 0.5197016038813371 0.00019363232012499341
82.84159917497195 28.273069993061306 12.498821755935104 3.7077538029461894 1.992526383744524 0.07699992936160031 0.2976769216779025 0.5882470359161278 0.0002412328996211853
105.1877032904554 10.97037795483392 10.308636591013162 4.721016111211015 1.5725681200598323 0.03087596042702303 0.17846724802607228 0.7039233122341724 4.800095550463229e-05
79.7296716154897 25.96253355732197 9.443955943495247 1.0847017200342637 1.5912465912124731 0.2318278921751106 0.28729584401004427 0.7407897192928826 0.00016880055132206074
37.88738017242197 29.772553487615358 2.546196226684516 1.4606976308062871 0.6392627488962831 0.21308323951072206 0.3231097380425287 0.6150582161640737 0.0004001555294671433
49.190184237851454 14.847097166260271 7.299979321285384 4.982576707783856 1.6441921986815502 0.05389179302025432 0.3031737342809627 0.6872150511620202 0.00035977177525298095
65.22713559092203 33.9809755971017 8.656293313045053 0.43956290746904436 0.5169540022669116 0.11456198367150702 0.4326815895323335 0.5599842093595346 3.63938109806622e-05
68.1651802884015 13.57928233801107 14.707738028782062 2.1471584249663 0.6998300189097582 0.17078626847178643 0.41566343599620914 0.5590641712283638 0.00047617780247992544
39.14727693701374 30.776782091766933 1.9310892072385228 2.020498032455144 1.576823377156676 0.032260741911787336 0.29177810628580114 0.4746650059931116 7.595159190437507e-05
104.58637511232988 11.974299838725543 8.33679395958295 5.234571695732022 1.3018989251031556 0.10942528247070663 0.21816814492403142 0.6949947728198513 3.3611037471443924e-05
106.87846256764338 17.825010198392015 1.3956076729579876 3.939788579439367 1.1581811032179605 0.11380206336187504 0.3534055675009571 0.5715205055144552 0.00029138051741918735
78.93045306159652 17.40224777438779 2.6533207636530003 3.0145206319651603 0.44876959358937607 0.1199457836594421 0.21454408812177114 0.6450925183775895 0.00022416615019370682
44.92517722460303 43.31598683499117 3.5158644258562575 0.998214839640855 1.3466976391818999 0.13858575229048897 0.3780244283066121 0.7286485615727781 7.03852042024199e-05
74.50173285644459 17.011399016002056 7.008358714870994 2.4646479896055267 0.7684361739259812 0.12828433133829678 0.3632907721822611 0.603215899177679 0.00038927353758696327
115.98448246754245 12.470705723891308 11.788510832320942 0.2052422998149056 1.6730253487270663 0.19760205661059457 0.16730689072257454 0.7377640039723681 0.00047084435431125296
60.39332920734421 34.77077248455351 4.304618172590342 1.2735915674547118 0.7739475262104778 0.16783932086034217 0.32846936501332935 0.457745374387814 0.0004381666155994476
58.732521860834815 35.414987406378486 9.866960592794968 1.0658815048801822 1.3355863489369244 0.25407327821576803 0.2681095441403445 0.6810390568047603 6.909418617023999e-05
111.39792820955333 24.492418199468855 3.6171973654974043 5.166775754971549 0.5606441012591121 0.10003770715038104 0.23184280284862163 0.4881012381464024 0.0003526895649775105
36.407884411338074 44.62759351114277 5.861825379644975 1.1639834077395415 0.7625335116127478 0.09337617764744141 0.37495380102701925 0.5007773220183934 7.366909061380932e-05
35.70210779940243 47.13110618730911 5.737491461551532 1.3568119083800434 1.3735964285225921 0.18718081556657354 0.17447937882804596 0.5897330494108345 0.00043015842029859935
100.86607662750873 23.132892078228323 11.818499272941466 2.063614082379066 1.0912757385949368 0.1688709531996271 0.23539350294464748 0.6815901957516692 0.0001445152314207119
87.01789021367387 24.60440276437314 4.743132277311479 2.8597044947348325 0.6596193015732108 0.06669021148695216 0.3948168240507791 0.656218030646831 0.0003765815548825816
106.96716189485973 21.03297803824068 3.0727012108687997 2.184609939717579 1.1451035919429347 0.023272692518880644 0.164533643304925 0.7148243329914816 0.00041279438400917355
64.72231328373464 48.4404600771141 10.777221050957557 4.414289785525645 1.9814488767570766 0.15112964471941562 0.29019630645788236 0.5838340282280238 0.0004575546013580414
40.51233048692092 54.78691574793704 4.9700580598107695 1.3899767102281817 0.6328803451620644 0.07769572193886727 0.3652700837572439 0.6263267129767477 6.714741154721722e-05
75.06283455426177 12.34995608101272 0.9766091953378493 1.5820431285451453 1.0386524505052863 0.16447631464864962 0.4189565469674851 0.5194507195583531 5.587546440720359e-05
101.3255299810996 30.90670710476666 12.310165048014452 0.48564608835856526 0.8700705357152096 0.11239232503069464 0.31830446069230367 0.7073207953466272 0.0004727404513530831
51.215020690373535 28.227865595225754 10.390850996108586 5.0102701256182725 1.1191608524168197 0.1940525528305054 0.15752134657676478 0.6124979194596782 0.00037508631018405304
114.83862783495167 46.523720354733555 4.973625946751359 3.8120445278900457 0.6289465126073899 0.07352196759707144 0.2222224551756981 0.5293940416981048 0.00022943428014551463
93.53909642091509 23.370098600941922 3.406889534904615 3.8936642090871314 1.1733246344616448 0.020659355798137494 0.18482515371540134 0.4758333291626538 0.00026441294722511557
48.45082773464549 40.3336189039633 2.826935765262753 2.2521925208675175 1.96090909328078 0.2571196635603048 0.39013953707974436 0.6508653991649077 0.0001484419410248835
106.50603688296496 16.670197494159524 8.532311053560333 1.2124191860874411 1.2392286953202887 0.08617825315932476 0.2884136542394552 0.748137472172679 0.00019197753970029064
87.71898712490248 26.362778053684657 11.409303146956198 0.734053104303621 1.4223685842690796 0.1410354524098562 0.19817549752461058 0.6939783200399686 8.71148916636398e-05
80.1325904408682 27.712735290529608 9.067872444834103 3.6175680979259877 1.6303309473711114 0.18526039825606538 0.38343959489940377 0.5953253568559567 0.00036885524369250115
63.93209447421622 9.01777719869332 1.2482030131249522 0.1918128565107466 1.3779516776856975 0.11519999265737871 0.3331658491068278 0.5564020174737347 0.0001901824237257819
78.23502891568943 18.093205425851338 11.638409506219737 2.0921588784538203 0.40335947616540474 0.16559931161409025 0.2660157634342902 0.5863605221249337 0.00044245640120648306
99.28391315742049 28.41627940237716 2.5715435438143155 1.7508295988143618 1.7676719655980897 0.15465135788723275 0.22034110417761393 0.6498734426884236 1.982459510293204e-05
90.61720602506132 13.413346507924967 12.011446471856159 0.9835040682946622 1.9428234785299239 0.11685435794933188 0.3874300818100229 0.5990673688323095 0.0003451477366562476
47.89983777818386 52.88565317904639 4.330443275521584 4.944310872612848 0.9692373909760388 0.03703236990264881 0.4191580427548244 0.5190927806636376 0.00033310098273547337
80.50916677453581 17.916303301589963 11.704562870708193 0.5576492687944273 1.7466833783088456 0.11923919485097349 0.36993134189574484 0.5267248579826423 0.00044398727130819294
32.35797064039425 13.038898005673868 1.8078229743140093 5.288596690857917 1.4851281441247548 0.16873067108432074 0.24410110609189856 0.4884063074421659 0.00039236652932879293
83.11249444553845 50.807861207160464 5.800463114873172 1.9590228633885765 1.2247123227644205 0.051035499571171095 0.41132107119176087 0.6256368316198552 0.00011968297298027083
76.72353752019932 12.684861900075688 13.730392005282555 1.287866832168279 0.3124173229060955 0.1945464794764291 0.3913443056339402 0.6198457958940001 0.00013153786141439612
57.79156675752918 34.89665524549784 12.061427183154828 2.3384834994012738 0.9983986924131549 0.07448313836820192 0.18067148633293442 0.46914273096504694 3.204173841877185e-05
84.37085722839905 17.764111321853402 2.3510395513369398 0.8532250587868723 0.45326609966280673 0.17572496392008052 0.2923486667071128 0.4744471829064935 0.00027431134652315155
90.04446132359337 51.121056442812886 11.511826625390864 0.34292292620683384 1.6154378588589482 0.17324558204310528 0.17360015710339277 0.6754459277505078 0.00010257469309508512
35.33927972976869 16.006722752295964 11.728030403451063 3.4632601847910673 0.634674158656702 0.17490586787938361 0.2831822838579812 0.6292800371819818 0.0004202897444254281
106.08731617113543 14.060479674172282 4.341964807320075 3.0633221476371424 1.4699576325386006 0.09988314444231376 0.28658146343060054 0.532621293729366 2.4221699575626633e-05
88.83708955267659 29.039976724260494 12.07473815582978 4.391842438367816 1.914891190104303 0.16269448447376478 0.1771515679433405 0.6365933687963359 0.00017406281259304927
48.68971515921972 48.1986790395927 3.3020575426046332 0.19083150443424868 1.4343320503762174 0.1287619160157093 0.3271978125562259 0.6999192586457993 0.00041873533468337584
74.24581193380214 41.43624629616494 14.152593733979254 1.5922053992713234 1.3004814380574017 0.1319675566225531 0.4420411775447406 0.5489010791060482 0.00015717593017648457
119.25252268237689 45.10626179668789 8.256889558920141 1.7166126537950905 0.9137479252787604 0.1650619593767944 0.4019493108939818 0.7120748608083576 0.0001078477224578219
108.04637353174456 31.075346979856292 11.470072271437573 0.9385986512042309 0.8038711723808931 0.13258677975515198 0.28335634467165155 0.6656959067386518 0.00023250263274518073
44.63701767396848 32.94754518163364 7.873280757160408 1.8251464327309073 1.1500800040363908 0.22324182172250562 0.24265407677986528 0.5073301321253586 0.00015633185351032587
44.54690752475342 43.90070069696739 14.36624513276061 1.610875726855781 1.5212261022950146 0.030346498279442413 0.15240466876387762 0.6488286692368926 0.00038322079443986646
113.57701303978436 16.428466129982986 0.20150943293640664 5.2828104352461995 1.975396675988327 0.18181733712696022 0.40852763206867626 0.4686044490487295 0.0004651705659571542
90.31560362357654 29.337195387586913 2.6656418172151044 1.756871040764447 0.8068560386202164 0.06933283766484771 0.20831681040311442 0.4757154713984944 0.00029046253247456575
53.12425392967447 10.44380562297544 4.165509431730426 5.080984403807793 0.5063678264300183 0.1390754124432389 0.35442324277871234 0.532487345797144 0.0003512658468368861
75.62198344660445 18.269094309820467 8.340480630304365 4.709362787746659 0.739903506205775 0.07573305892968643 0.3420558102184114 0.6917462026150203 0.0001046281890798846
64.76538311153142 47.382358608651394 8.953479416286989 1.1833797599119267 0.49487761208511516 0.1415038780126523 0.2134840336417704 0.7356411203827622 0.0001560813045754231
70.71817998083222 48.33971117367364 7.535741480800463 4.403875118653007 0.7971626754057501 0.02861787580586658 0.17222572531527333 0.7315765931009148 0.00048343707330613143
89.06553983152189 23.239222746851418 13.184216795981103 0.5981981682827776 1.8629077726583265 0.03749217807111445 0.1533602300187178 0.5207630543322462 0.00012720551055243448
57.228657160944906 18.759676715421325 8.788666283262398 2.1014469918362573 0.9957595926038425 0.2509232854323876 0.4021983000896463 0.5306931724695001 0.0004193241041559254
31.855066760525013 9.996163288937836 14.307202850024527 4.835924372161281 1.9126080740711842 0.14408638461526319 0.2494800545832943 0.7059855298498149 0.00033892401676513604
84.27798322803812 53.93964691396823 14.187344038467927 3.3193855918141035 1.1658451266830518 0.12809583827513396 0.365931589330305 0.6494333374741259 0.00010368123745421878
107.27083570199363 54.658466348549574 10.41454109354461 1.695071963760534 1.835643302024642 0.23340278003454992 0.30161907357719603 0.5040825120776822 4.078435911196738e-05
64.35270634488278 34.30632609364159 4.6339772610019985 3.1066291756426914 0.5247248795585749 0.24108526892457025 0.3745937278714592 0.45943621659678285 0.00029381004465279186
78.46054897217792 11.117961127627204 10.958029898582618 3.0190314975699075 1.3283990879986165 0.1814490447095533 0.41801857622993077 0.49263868119162596 0.00030637380964758685
96.01707588822921 26.406279543962327 11.296763980464519 2.798608468495854 1.3874686426635996 0.04807827939810673 0.1553482152580822 0.5674779813278964 5.881454505892846e-05
99.86063262557094 31.814447196892512 7.826535140843339 1.651179359740042 1.0181790306351006 0.22592428010964646 0.40749508909610943 0.5916233017239818 0.00039547735734231246
37.47572025152574 26.534998026560046 9.212056481121657 2.745687125848032 1.210469531263305 0.13849450506777405 0.1934778624523202 0.48357796713454254 0.00034227458445310304
41.65596725723198 17.498148010326336 14.358337134603474 4.774921276655513 1.1227106275967016 0.19384004296487908 0.24502003808160236 0.5331568068683042 0.00025968499248975286
36.72361716094628 18.465898389702772 4.109938672146564 1.4858302929296052 0.6229109602194851 0.11398002128364394 0.27385604419995796 0.5835271756072639 4.509611039811241e-05
44.100492199266526 27.894027595275933 10.321673953518058 0.9533439817246995 1.111123661021287 0.10471150948534809 0.42242803617380076 0.5249425380868431 0.0002973229872981071
54.37284250399307 41.6330509103191 8.243824757517356 4.2993165732749095 0.4614456376924777 0.25830191904519 0.42314678704725117 0.5626993126232555 0.0003847115158756285
110.9176957677769 33.66760613349261 7.428363827510208 0.6869131580261094 1.9971120932011497 0.21640566495150756 0.43588979812272255 0.6936104947464924 0.0004889065135342946
117.89355701376302 33.8875017011671 3.326991548706233 0.8094279265455134 0.6526595126700273 0.24808139139571633 0.30853764208628076 0.6649297927441812 0.000282734382678679
113.06050970042047 23.065505455404356 11.213950312105636 3.6240512713611372 1.9737220571523237 0.19092448495417325 0.16754079698911303 0.4847744795705311 0.0001590629290594423
104.0100149254522 24.738484142866 4.916844124416751 0.18048494603387116 1.393058980466732 0.21918975526716594 0.35878465915376845 0.6236144062348304 0.00013795383235685015
113.25202223774882 16.732872812777693 5.468452971315359 3.3869145878456597 1.2335732126936247 0.19017511313809607 0.16004837933120084 0.557423294374606 4.371893747863905e-05
91.31321125443405 28.304182164828944 3.3124973796398502 2.4551415134162693 0.9237610845601458 0.05570623444395566 0.33299427196748704 0.49085568121918666 0.0001835704052453801
68.62053603147848 32.46553137241954 5.808277213214581 1.1008555438185603 1.0860912820957045 0.06653470348960423 0.3804703346546424 0.5746905073698425 0.00010135174590322612
73.35261738200862 10.728778818569879 2.243016613347987 1.3729817289444215 1.4312211145947682 0.068325954747487 0.35390976260326124 0.6732653187102741 0.0002983768086209844
117.6628064821555 24.705717005160643 4.830088725430915 1.3161246932781507 1.419287683191579 0.23729189823876315 0.40385206820402186 0.7468364719808647 0.0002956490388443565
81.24134299203209 26.622325660803977 13.974122198306503 1.9604352947856158 1.4370027292886245 0.024058849396362804 0.3683030998816098 0.6491970329351204 7.387167408949649e-05
71.22506729481137 32.6700898558763 7.057408729549657 3.888270361513064 0.9837724005942017 0.1906001924572185 0.260644366136106 0.700715636710446 0.00016918962960119598
37.052261915568984 18.70733728349582 4.929719603072674 1.4877661489065184 0.8272035695404509 0.08702204013624792 0.33475697045894703 0.6738302666406317 3.887905721583391e-05
88.1301474552666 23.558746132039573 2.957815796912919 4.284099315836639 1.1392252326800023 0.06271547148697078 0.1742149660919337 0.7260175292972564 0.00039387393990905135
32.885854643368674 12.865749005018923 8.832788622181484 4.10451230015694 0.5913449215169471 0.21010364894412026 0.1656682472672607 0.5806419283614298 0.00012051035809910995
110.8106702236669 42.8886146313172 8.937039752048408 1.296374999083006 0.5669642336612126 0.0819351585267594 0.24232401793116032 0.4598403629700731 0.0002081815048416592
96.64164118071027 26.981260064799486 1.5738435162606987 4.807292042657781 1.046687770642434 0.23483306310305566 0.39910502139368254 0.4796687157524244 9.27183357612992e-05
71.32069361246413 38.89172058093949 8.765334467532076 2.3934422945212943 1.1447394896338743 0.21679748479028021 0.16034697952597346 0.6537816252472735 0.00010644341806038058
64.21063483448594 47.82428008241903 5.683534858648957 2.5338809748958666 1.035709744264747 0.1298006823348798 0.3473419065842381 0.5237179324074323 0.0003698001834376529
50.42757094992772 23.9584187104348 1.674683461283372 4.19411775468247 0.4769219500843706 0.16365850934477946 0.2582204124016721 0.4539581783460842 0.00017766084596196492
90.83841407552178 50.24889178106713 11.407478881088648 0.6931027127259984 0.7509258210094747 0.15346318128379868 0.18116253661720544 0.6522990933016191 4.5599098235773996e-05
55.61204521268965 32.388692741566736 0.29074008507891974 0.26157545258369186 0.707732308664198 0.21081336147558896 0.23478260526618105 0.6903832127439999 0.00037569001147401936
54.2364232659838 48.41571643527542 9.997378403343246 1.9106223204829447 0.5565236016235484 0.09721679645005396 0.18168929113346102 0.4735280021941847 0.00015340948392112216
57.53782668715163 40.694308677953984 10.486990268174848 2.1973565391992103 0.7753264652340344 0.04417618605949542 0.15464593398350732 0.5438168286098519 0.00019789143803607912
48.82447272462757 20.672039373787538 7.431548195032187 3.4493657148421493 1.5959558015704332 0.035266093506122774 0.37642330105284655 0.5822976115421336 9.699434712695332e-05
102.76057554342637 35.700583534500836 11.070179169777159 1.2561199812893287 1.7937740586615383 0.0613590332750875 0.27473871200552846 0.5081880037971758 9.449095981599164e-05
72.65020288023283 21.823889800917787 2.8258122461887814 1.6247730192467258 0.3478800425233378 0.24825692118933637 0.3295735447079193 0.6826783421564738 0.00016307498745224202
31.902554447458684 41.928432090873585 6.564135405193669 0.9124701390643384 1.5888206310417285 0.11090226288918957 0.3982054943202342 0.5310969130753855 0.0003845336825831355
117.17097641762672 50.28930034509689 1.4199090469534088 1.8305641260219447 1.5514350174615779 0.10080915094398209 0.4409306851401479 0.5725744017650797 0.00024938458679683753
95.13670085843611 17.288921877894317 3.0338591404141986 1.1404724107520794 1.2024875147895648 0.18672301928031781 0.34413527988497966 0.5643833766032308 0.0001258866422790544
94.4336576229823 53.15883122332142 14.389317050605793 0.5334658629045721 1.828580020169803 0.23967094454660104 0.31817933874981685 0.5963292037876997 0.000447458394411066
47.2707494182158 28.906940790865274 3.1683916090976103 3.352960471113137 1.442709074391634 0.1198208653685126 0.3302848806441101 0.7309404182588386 0.0004608311111353208
108.76405373376296 22.29566923064022 10.062916186622036 2.9512375781396 1.3033978982175298 0.14591709588589366 0.3478327528443988 0.5428279658562725 0.00027407054373086763
51.77585357193023 9.147740746130612 2.3465743696488843 1.8940215957468802 1.3546344525274787 0.04886167801647463 0.19239127389344599 0.7466952054450589 0.0004257681667160055
73.52648022720757 48.16799995467298 14.115094624680243 1.8902319659407036 1.1000398146485981 0.18505260272577248 0.20738926402840302 0.455926986836427 0.00016683523353676848
47.58142886171514 33.640305953226445 12.656712587854303 0.7656957628186701 0.9035155814353124 0.047375814564370865 0.22261727155959085 0.72044647233883 0.0002753585680751145
54.98849675377 16.51374964725754 8.622006664924086 0.34964495972251586 0.5400516821882179 0.12336604325118704 0.2991636541147701 0.48907161440518054 4.945708182622967e-05
100.08480328828915 17.665261955604365 2.0229228155590713 3.833011440494235 1.0943542568223263 0.16530009276888868 0.15935322949567488 0.5277371641695887 0.00023147166812090332
49.94114777430019 10.802725963016035 3.06238605895426 3.369932190278351 1.9346421081342629 0.08644317468079073 0.44998496969514934 0.6968578931731696 0.00031838432107532817
116.54428368985197 21.978042072774663 4.683199657063266 3.2165212277282524 1.455097601743358 0.11103537056072425 0.4101392179549702 0.6854467266930049 0.00027015582869630863
81.4605287711467 21.834323343375427 1.1758420817316069 1.3618447035731918 1.8270465786267962 0.15212301983044332 0.3039913103350289 0.7191452378447497 0.0004292267494447574
67.07550557703456 25.87954534589318 11.7382059825593 1.0458680319378955 1.4329593708269661 0.17174389603868428 0.16946731655815256 0.5016962293242065 0.00039966765847682025
117.93462832321359 46.11107943415594 1.1883308999537086 0.3624761544719605 1.3885532110771603 0.12114901467771366 0.3195312037362855 0.5157523637650511 0.0004469371255092535
94.5147557467009 21.442121676034642 8.277078444981425 1.2399983360752602 0.4122885230905762 0.1889675267765131 0.34399373710733855 0.6888094371585738 9.33536002691637e-05
82.67161310569003 30.838925441720797 4.085278119770415 0.7447870911258951 0.3601035259524316 0.03484858918742745 0.19087069321182643 0.5693417054366631 0.00026725513572127877
70.87000777340756 32.20972250111415 9.821451984634768 1.7271361945888313 0.437378877762719 0.22127472134865733 0.24574324069919684 0.5929172251043127 0.000250043352351115
111.84417231673505 31.697386425912644 5.696920348447931 4.4239409848113755 0.3854854853476057 0.205097980400161 0.3916243343805107 0.6101647189604299 0.00016519871848465217
71.96571408776538 49.80929671064821 2.528746799500117 0.4474476123894783 1.006740811500096 0.19836015233119836 0.21936037510936535 0.5269529622168919 0.00044536843456132147
59.316410722502624 37.27704774457166 4.536466447489114 4.738303788213229 0.8960072210896326 0.19578522556279077 0.16959992566442816 0.5030581813471049 2.999087760525434e-05
90.69693571442906 14.11774902029552 7.670803451352922 4.216549766138842 0.9731078200453189 0.21323339840261793 0.2137061408491932 0.6367303260414355 0.0001421480694517254
62.84473183278989 15.72616891508687 7.31932231502907 2.0513333292597036 1.8222650412071972 0.10239668514843381 0.3194773901032793 0.5960295334531319 0.00017266443244342558
70.29780403667331 25.907768383885244 11.034179209427732 2.514029752889533 0.8918160744434103 0.030660683290241006 0.3483936358396018 0.45070908832463136 0.00015256204617549148
96.71712400867477 34.39958193506595 4.073383484813333 5.333388424671811 1.54184518437722 0.10837251064437843 0.3189429182046614 0.5072840373516845 0.00021885619121016648
115.46376717919533 19.130370182751328 1.839961081838829 2.5953785889021583 1.028874533769532 0.021742718815025815 0.4396319921301127 0.6317996095445524 0.0004159261824013386
62.36179267600883 53.94344540378952 11.142803842326572 4.312730800249381 1.2131388483166523 0.18281651147720693 0.16496210181815393 0.6804178578590615 0.0003586263397967854
31.46738180186636 43.41753621414663 5.547496575179743 1.394309326547937 1.0011850710186554 0.17204348646477974 0.27661992312611183 0.4503531406364379 0.00021314623276913054
50.931921349616374 27.315767293507175 13.422069054030604 3.2424080884417528 1.5110879999863596 0.15518019160042687 0.41275070777615785 0.5709391360461532 0.0001994538085541842
40.163672788710834 12.82020021773813 7.480217142722639 1.4488829873989986 0.46305507385883704 0.24267264299904945 0.19611571000163697 0.49377738375969993 0.0003381655770784618
96.91524483510833 15.051304229261076 1.097916290046757 2.057288924608054 1.253553336739811 0.21378751404611326 0.2362703522881655 0.7415153110085128 0.00014904801965594334
34.10962700559186 30.237356796190475 0.21483188405113007 1.169777984574873 1.8801799707082767 0.034405345389216135 0.25798756960039315 0.6321130682041718 0.00029939932414495745
77.235449583424 27.621737365342653 9.280952294871541 4.154178896683958 1.6249032377298323 0.08941129766289467 0.36019994105881614 0.6083351108966283 0.0004561622634621779
106.31971868266614 52.77579480586889 1.509451833430489 4.94718964603418 1.94742303986843 0.1711832879978964 0.2379217266938582 0.7436773290275352 1.1901257299979994e-05
56.47143544613867 34.361677522190334 2.9114368833436792 2.2716655012866127 0.6303270578408211 0.06703482665411686 0.17879294701021328 0.6576621254474663 0.0002153516296461101
77.14579070308221 43.53379058446358 5.010160943194022 0.7314045667775664 0.5353913278531475 0.0221563899127102 0.23275425018611293 0.6986743995322271 0.00047841266672209886
82.9315241255062 44.46758521793355 11.13085476956548 4.686515871843231 0.3637553270430721 0.038011615011666985 0.2403824208753889 0.5580461923053497 0.00010665637992304962
94.61685242195998 22.917851670983474 7.910742204792444 2.6974769451152696 1.6504692592061843 0.17648833187652413 0.18409430080683625 0.6756403371122301 0.0003277301099797383
53.19264268170075 52.14182772760023 9.106817428665453 3.4959805856493076 1.6743902531273827 0.2338171052607471 0.3364833952161159 0.5423276795845844 0.0004102392425164824
97.13096171159471 50.97142968802048 9.382342887209143 2.6736418656929164 1.0877513795965505 0.11014886927662126 0.22247982851763312 0.5718037777838003 6.385845539028139e-05
37.34609683141448 14.012895579081544 12.709914960854032 4.792258516749774 1.9195722081551392 0.20701927117379884 0.3056151790576074 0.5391531628139463 0.00044328965933596764
79.54681471510008 27.508729883738784 1.2724123906173455 2.55117683645905 1.326301292286973 0.2413072336730306 0.4292302487500529 0.6564192405756712 0.0004994132724114747
118.8019562156785 21.93636029030435 3.9810877484883633 2.802112556919004 1.5342652185643046 0.20187882668925305 0.23725949819190886 0.5818001144545427 0.0004502933130945594
69.24654867057278 36.040820532180135 3.7744881292230814 2.6230421828773367 1.6585836104984155 0.10773251859847305 0.2624132788910244 0.6270782425281578 0.00022557971072556838
97.51052082366375 13.526958022792087 1.1214648468757233 1.1343337182850202 0.9951133751399426 0.19435917195526442 0.1633556424936253 0.476868113958041 0.0001289243183392756
90.4707088882164 39.36309968952013 13.258357010335338 0.6256768762314758 1.3191713795670712 0.24584707432450986 0.2239344225454745 0.49024878848889475 7.99075219096498e-05
65.43987716646677 38.93196458918909 2.216105760139467 3.4676120817118856 0.712200200110437 0.1081476798446444 0.2603507728746618 0.7214164888908015 7.820120000105408e-05
112.6153607976266 20.739335072908446 4.1420492138610205 5.198996312968816 1.4969976652564978 0.08275027898596747 0.28626746252754176 0.5220620523114431 0.00017957565056647855
78.12920886736624 41.61057931718116 3.2011616384730193 1.6733703843653105 0.5143409547883706 0.2054131680600798 0.4255589731825683 0.48233398866071664 0.0003127445269088315
32.75467903667113 48.314675303366656 5.872421770668423 2.440312063821152 0.865483587840844 0.15866491554874854 0.1931140372081302 0.7122154986527487 0.00018816403476006199
97.46618141963226 42.68335774162671 2.3837433528567313 1.6147344648485993 0.3926955891822857 0.03762850124248135 0.18638211297515184 0.5939014928764365 0.0004951065512027533
41.89078788306003 51.31678786441017 14.31561482446838 3.7196284929059127 0.8754231136471484 0.04611261548824368 0.15363226841753114 0.5188343674034533 0.00027930243632179157
30.54522752509514 52.417512007529346 9.349962483014034 0.4729891579428709 1.697263780588022 0.1523500779102782 0.4166027675666125 0.4708886235677484 0.00014073553970592526
92.95330260916694 27.427513180950978 7.8586214053383285 5.059235713057251 1.3345255842646535 0.11772449883627853 0.16153025597758905 0.6717765693650756 7.170436075609483e-05
67.9610656328515 17.87063834309298 11.979125478095016 1.8508139464003608 1.5751331749701956 0.036268872475624825 0.31251444320763944 0.5114321038039438 0.00017158818937083043
89.96213619555462 13.807674248982382 2.9327434747003838 1.6360986448353063 1.8548918728779622 0.02646879681930422 0.27946307819053956 0.6978720968642235 0.0003496833106793737
47.108379249102526 10.868471616878356 7.786933586778778 1.9861533411670942 1.8337402621591241 0.16392858020675607 0.28131300880430254 0.6265354008098218 0.0004894914685587745
62.007817735038564 41.84998219799551 0.30868520686227574 1.7312709092315246 0.9096427831390876 0.15722256314269303 0.33378116339688724 0.6405756295978687 0.00032935311319921997
117.00471413146659 23.480234798714275 7.226491279654268 1.506951148368797 0.7817519179083774 0.23251096682819547 0.4443215839077719 0.7493471392846305 0.00011448392027692409
92.3256849340816 21.192582260757145 5.00197627149325 4.750452507902504 1.7546356330692714 0.14700482739371898 0.17302308860358023 0.7152631261451224 0.00036181249927318013
60.99586542609576 37.84624510043537 5.765246839752955 2.6153367265741703 1.587112651146722 0.07106431202187435 0.19634903103393814 0.4652920579655512 9.560210251515486e-05
80.05206137056057 44.405314771076185 9.030046774584143 2.517569360290478 0.5939484181858825 0.060837155781169217 0.16302346913157031 0.6742816710821682 0.00025482416702354345
62.621242760144234 47.60808231768046 4.181532914233981 1.7558493934637782 0.5767632537198214 0.05196193006209171 0.2430889862585502 0.4542485017006661 0.0001538924939821931
91.27353648638544 11.659291552687367 8.167155745595526 4.316238069799831 0.7085154539293914 0.13120124639233446 0.16066163177583453 0.7305775920709912 0.00016359340076246113
97.80014150531913 14.20118569808915 0.24641711565616356 4.567235163075573 1.893945335124764 0.1631649369306318 0.2975672570893583 0.7452751119152121 0.00042128351695540285
106.14768147012707 23.90156365543598 4.3643776349421 4.952213676601231 1.6382817900505116 0.1576299879719327 0.2324846932032359 0.5878600525758404 0.00010175339384490722
61.739282426845705 12.771460662466007 8.305287045256476 4.605646859793851 1.6600793641938287 0.06455274289850069 0.3059293856202041 0.6176320909935018 0.000213571171182399
38.25419203085007 13.163394647314588 11.721654236155132 4.224947342992889 0.6510054145972745 0.197261675161358 0.33780553716766204 0.505232147009078 0.00016438877850256624
45.04678666593599 51.60880821277952 0.8058351405605255 3.954730214153381 0.9798871083442922 0.02223433476409461 0.4363331145807361 0.6982076284702399 0.0003793441316758788
60.15366559220871 14.311999743550494 1.1392421358114149 2.572283481217344 1.811272115409556 0.08862622464811634 0.4043738516574582 0.5955875469562721 4.617293274392126e-05
43.19486079005819 40.4990477137261 9.533273314035052 1.2180888238423506 0.6468342069271502 0.22664633206832133 0.30189101098367166 0.5640317336720683 0.00017239136182940632
110.82117017311597 47.75854387056525 0.411286491891521 3.903716474720085 1.2218819622234607 0.21131697479668657 0.21507512345965962 0.5777354322963488 2.379037296080704e-05
53.57910484650938 9.76512672279662 12.454393400695766 2.119836927071123 1.1195870301259168 0.10682343776004961 0.1500031578138929 0.7327748164427952 0.00038774702154923725
55.945788712691545 41.99924096411796 0.7640853188141665 0.3650002238107377 0.455323284090164 0.17882517714543894 0.3826594175379415 0.581331542932881 8.850948186330863e-05
97.40158248998681 45.46910310974701 11.678507475295929 3.294839847490665 1.5373803551929748 0.2250976767687173 0.19711456999591778 0.4675070388766965 0.0003212613521550778
98.76301791912623 25.49306299691789 8.222444468835347 0.749569408722246 0.3274715740823977 0.08519304868425008 0.26461977866680725 0.6203491749975343 0.000353650022296117
104.72021443406459 37.73460343669099 6.085325607570883 3.655935176181419 1.105694097846145 0.2149764415245656 0.23828857818902577 0.552480410288097 0.0004846898601597733
81.06937274298213 37.09086337821815 12.966139613895614 4.024481148482707 0.9700146819033939 0.2118412743851475 0.37798859817296004 0.5032342626706399 0.0001699266600629333
102.06365147708821 40.04492399351881 11.232197805154374 2.5903419954660247 0.3426918289256787 0.033185872540364106 0.3660115276936917 0.6501652997628198 7.734690185620139e-05
92.78231143992804 46.67356511750742 14.261573143228235 3.650792846211202 1.7326421543195982 0.14532608807656677 0.44629022311836264 0.6702940216684423 0.00021025974059618965
40.31700633808594 37.91543078986758 0.7209742684240655 4.990957245135445 0.7133675316916948 0.047205792714920425 0.21968540231758404 0.485699335316346 0.00025096275886363434
113.19826921540223 27.57170122079624 9.63644731784902 2.1229704364448314 0.30678781462385935 0.08485151311109708 0.36436468552240736 0.6227735262996005 0.0001600700752338614
110.56844858658742 50.6268208191148 7.524890904857339 3.62123390784612 1.0398971620982025 0.18763401895521206 0.43449024184832563 0.5020161466182163 0.00025397864157727674
50.10309442227535 23.99701361737369 2.8083008888993697 2.035073225987984 1.6679966923339586 0.0661376203284648 0.3531757293582306 0.47648936289945687 3.806219005290942e-05
57.00465135490517 36.80472746287322 13.087048293898473 1.773646158081779 0.9281791004824567 0.2326578395723265 0.2859575975850692 0.7370511023387409 0.0001402025380911281
101.11380162628045 47.810096788699376 14.590890672175819 3.040875839595206 0.674214989217186 0.10528553275484553 0.1635100950996405 0.4570309053582911 5.6827648848354396e-05
40.242730834160795 39.892646252275746 10.85969953663409 5.252703510935778 0.48533298211755094 0.2171011527838476 0.4418203405157626 0.46381891009574994 0.00031216665584737316
83.29636920759592 14.915532452481482 3.381766696815835 1.8179031119750693 1.6708951763007864 0.11839813805956668 0.44033083099848036 0.6681037973485453 0.0003741989848053017
116.08670259347545 31.952747710853036 11.092569380616785 4.907692556590972 0.30352592734225775 0.25445517716599264 0.33845240988906716 0.6869843751236804 0.0001895418100229045
58.412637678548435 34.071156530080756 14.80640927884746 4.090489829710346 1.9402293346222963 0.19951802693080034 0.16284841786281987 0.6173433468784763 0.00013040632567931575
33.267415239225606 39.67564015476624 7.28041800927091 4.35150773151687 0.36948707002493125 0.16451318368253043 0.1612098723543401 0.4631660203175838 0.00047330050553354836
70.85157189465852 46.99917535888084 12.734701557996626 3.8663389154639214 1.3982419854060664 0.17852472029515185 0.2257664794933123 0.7372119946219098 0.00048273115164970654
84.11507313051288 43.955719369206406 13.326366757513012 0.39040305973974887 1.663025203859101 0.08429743367924224 0.3648131297541595 0.4685731837522118 0.00035754652531348567
45.765692978610446 51.015356428424695 7.657833452543067 3.6830411153900102 0.4076672971528785 0.05793590964498718 0.44904471278100067 0.701643199732045 0.00014546331621783352
111.74334810900882 21.17999876923316 14.084646702664118 1.6566932320878833 0.7475101153712647 0.14461142130424237 0.3034851873228158 0.4658667914171485 0.0004410788234529211
59.48505486716109 43.02515981678986 2.3795022636123626 1.6040511238501631 1.3636461178130104 0.07079628247057847 0.3119191910763789 0.4897696692976704 0.0004983752124579353
33.33879049026057 9.4218505788933 14.98365118044067 4.586251196133269 0.5282514989171225 0.1616300187744359 0.34468449281412916 0.6005832671023421 3.986570983820906e-05
41.079904673207494 16.952348368309522 10.551029481114048 5.114622135975346 1.0754303786850534 0.09516726403698582 0.18987784278997888 0.5160212444104157 0.00028915721873078474
105.32233613109612 39.01264724129704 13.753760931993824 1.5114829570927157 1.3855539553611398 0.10178518132747229 0.32196739163292876 0.6435363415721547 0.0002054779879195582
65.49067231862277 29.720033250902315 11.247081439942905 5.258746682921323 0.5472829903361809 0.22969106523044408 0.1698442571502532 0.6147192705744172 0.0002959231598478617
53.45535065040292 25.042467050784005 5.211595436514635 4.412445949943827 0.6419320551205421 0.051786557171442094 0.2285565265991718 0.6355719383769818 0.00043949696416001284
118.47676240035622 16.096389239721894 3.684259628367671 5.305065380501639 1.8256451076336564 0.21248355412667183 0.29488465375154016 0.6475405739413125 0.00040668018407221426
33.54961372443656 45.98269051994997 2.2657700806300527 2.309174366087561 1.5438346064019075 0.042413603854579415 0.34171351787457593 0.4679376651099466 0.00011911767254423541
71.64714403913389 45.31439896847357 8.00622821746664 0.9679168059437522 1.3976047686668944 0.13228924789900423 0.3279408756042169 0.515651013216175 5.7076743431083594e-05
104.10583518242319 36.723069329547165 9.986501648152574 2.373358712610381 1.4833277430204017 0.1221978031999101 0.2140000844672933 0.5948969602452114 8.628621774304897e-05
112.01412572767406 51.55840913288622 13.158582910497588 3.5465891852402645 1.0265431908888605 0.04210277789834386 0.41786314758127985 0.7099039733963628 0.00020885020402195976
59.85820614994179 35.08125665439135 5.378316927243969 0.9566933912300449 1.4825867469014082 0.14405002903817182 0.3751416593515855 0.5100950835865907 5.443398086217213e-05
96.40349394955244 23.78156010284529 7.586414167101567 5.216225652995895 1.8499177530839093 0.03575962884274727 0.44832702756949405 0.606429510893597 0.000166532132616162
47.49051268119438 44.11425919406515 11.578722235312027 3.5102226696084293 1.8152552572397718 0.2574940896787031 0.36195216118103035 0.5985769255108726 0.00043699007549903834
88.39102541147466 16.780972191093035 13.200044824386808 4.454918587346109 1.9506220237906708 0.054804475180739554 0.4276383425333643 0.6449084895806456 0.0002382549472514954
78.6858645924533 42.47758278901059 9.83891970394791 2.2616757350956145 1.851537955220239 0.13395320357122834 0.31224975850463776 0.7126010780624892 0.00026388476812174073
87.06964548102059 16.824312818349696 1.2112379197407488 2.224132246590884 1.8993057519433116 0.24225665487558576 0.3726348052161369 0.707861769158201 0.00011020654791530354
59.039417763904595 20.72771438663481 8.29089106495942 4.150359346195909 1.3520443202974701 0.03104853971499043 0.4454907951609808 0.5603582565084131 0.00030855851226519566
85.44549701638694 16.154819586142793 14.22379252868514 5.021180825522384 1.1338048393871099 0.1473021352077724 0.20303475360246176 0.5038403609740902 0.0004547819047646433
54.00273141668958 32.50914368303448 5.031674201585109 0.20752815311940082 0.6939727426979267 0.16816586838220204 0.4034778474991578 0.6633964056917445 0.0003051053840123953
84.87213553457664 37.18303196123414 14.6276838815863 3.3287596801469492 1.480016593721882 0.25239130309260155 0.3832483854045331 0.5459366852689624 0.00019277349807086413
62.04238601794874 34.16578152493074 4.515138938631009 4.736010335693524 0.9245936687847247 0.04042587013936773 0.336613343156641 0.6305231210444857 0.00023349815838515005
82.1332419949469 12.380790796759205 7.50666147416242 0.4935321747906406 1.8420245175269825 0.21557040421123055 0.3997640748878347 0.6396147160717763 0.00012280422993996752
59.55776400561851 28.32597201665178 0.9634430903283954 3.8788969073405823 1.499411897651236 0.07147989179894422 0.38896068443456233 0.5201271035603242 0.0001878461052107695
118.35938209833712 15.287095184676971 14.044520736837264 4.783097358280646 1.450373128102121 0.24334765476867207 0.4242256887692186 0.6108316726926659 0.0004541297274180108
40.75854080177241 11.006947745076493 0.5025555317505365 2.8423929570908952 1.7710324094861962 0.06570331846002357 0.2708976379414057 0.5665842130820917 0.00032489966351728107
111.61356992055646 12.944325533844165 6.071674151204594 5.143543857506193 1.895420120122711 0.06507194305827087 0.20993704991606804 0.6919353492011063 0.00022544275930442913
111.09238789834865 49.15187893954418 9.095540185530353 0.6403496356574074 0.8028327521458596 0.19317366202457364 0.35537856005427165 0.6446994920791146 0.0004678869049705742
44.37553947137507 43.674455984030295 9.466856765014558 3.031513581162408 0.40103652658492533 0.22010201807379193 0.4220527373183133 0.7406805750943183 7.458275414635712e-05
109.22079673169293 36.59447368315861 11.383751864778707 2.8076772435536497 0.7604715965618336 0.18402274725673937 0.37967789654663475 0.7024212089850985 0.00014142850393852397
119.55824238659939 50.46165705433007 1.5936696616802772 5.162371233451901 0.695807472422727 0.2354533033871043 0.4119524838041073 0.6652404252180563 0.00011884018457356414
42.98563564449397 17.584288999055694 9.923256177333496 1.4115694306332256 0.8059982798049641 0.10976876489105154 0.3633598945925868 0.5528882566730354 0.00034782387352508894
106.85082488604966 36.25025265496596 12.784477860531531 3.5706552006519114 0.5859661107808528 0.1291637099006662 0.1965123654137855 0.608037022238089 0.00026866809591418427
92.02683393737017 10.77932484205296 13.577919449494456 3.584676878021652 1.4478335982788693 0.13510492973883828 0.3821528361738342 0.6913165281663683 0.00043801949057302567
67.68052666104694 28.61343524780608 12.744558981015528 5.047671691713753 1.6812634256072059 0.05930067415868265 0.2526061476140634 0.4560928659508208 0.0001136828424959184
114.97857791445846 36.87275362794577 12.638792738095013 2.3259097565291915 0.9642555163671089 0.07302879782357292 0.330398723225067 0.7380976171270683 6.591931899776901e-05
81.5156888504089 31.72525005074018 1.7571217824360041 2.075980629885648 1.4178730931341452 0.1588680360522501 0.2633241522511619 0.7397285024716183 0.0001273052959767575
104.98587482878555 25.15114905264299 4.500951698562397 3.4382240436396527 1.8198406031252425 0.22560043726903603 0.24158787172401053 0.6042941638120451 5.94271975679787e-05
31.736210622617826 30.97914021739564 1.4385235000686907 2.8551058542898584 0.8210963337549162 0.2063831638401677 0.20640130322033523 0.5638454334180272 7.71581117101361e-05
38.822287721406965 9.335678332218894 8.038424820100397 1.498486510171512 0.7335659590730391 0.22744175721854895 0.39899450535178116 0.623025278518055 0.00014330247491753647
76.85347176438168 52.07371552551552 12.00218102547754 0.5047456593128342 1.5178243720921774 0.1614483405530399 0.44226342005536834 0.6567678808754276 0.00020603390116727486
109.35047034692388 15.470886927005154 12.385395874519064 0.8829636799805709 1.3583845206668597 0.2402031717780271 0.21689055406706498 0.5231533216836877 0.00020348806260016275
115.69578341507611 49.099110406854315 1.7223802910645256 0.9328213813002229 1.242886956916472 0.16084941776463144 0.4464072335517979 0.7065871950988096 0.00024430166022235036
117.58934463407316 20.323980083416235 3.749732693853951 4.650494050503071 1.8910938355735927 0.1088372823926024 0.20326325464626938 0.6403686847508303 0.00020107845090809804
34.85053446153849 29.682233761265522 9.764704737930838 2.6421891491633267 1.1914034916968836 0.2501909688290745 0.43181168389704294 0.6693575662649154 7.114373734461784e-05
99.49147397960988 20.257746328181945 13.894445095968551 2.0817794221752863 0.7248784631783044 0.03796572630886083 0.4266777676461436 0.6369451345652319 8.209763923584185e-05
76.47388170301903 46.284252404318636 12.84423794001497 3.7877818454918484 1.6638293962113642 0.02817257736475069 0.3853484271718758 0.6723236050970826 0.00013423180991038204
99.60575585615044 37.42809677678609 5.259468305227983 0.9240226219873087 0.8400510594341322 0.18051192281927686 0.18377674002094682 0.5734850657349783 0.000242523730727678
53.27130550530804 21.55511825153393 5.15778680417952 4.79943234734861 1.3479715391584717 0.13818101053993836 0.25922470264892905 0.5430557860336174 0.00037757112088923725
75.46463552454105 25.282990843626784 14.121259241881788 3.058536292851938 1.5204534846884623 0.25490483151006293 0.34874452674891876 0.587194363829281 0.0002113574288988281
97.73649372477642 14.732358987437173 0.8395327825371427 1.2429134949197704 0.9478197831520339 0.08090976869689907 0.36093202689914833 0.7199807716755959 0.00023039790533480536
49.59718422646062 52.26918351068318 2.111281027101081 0.22455378785948196 0.9812239312169282 0.033759940911521236 0.4152667059057632 0.6278822151238918 0.0004812418268772558
104.20836560426442 45.61614572103471 10.258310852684602 1.0381374331994393 0.8425227248517058 0.21233947543502105 0.3521121803756 0.45546647802913187 0.0004995773610303718
106.65749644233593 48.89187289136991 6.571939186384408 5.157408089480668 1.274852651077101 0.15641655428810994 0.2511434558481805 0.5452419105375251 0.00023674525406553755
39.57693446307321 20.946211590134446 10.230354691613124 4.272130338425127 1.927996023961549 0.21783939079874745 0.43122668763385086 0.4761731517299088 0.0003887312601733716
59.63229578905511 49.74315013668302 4.604158494739595 1.6833896003790891 1.5591537221595058 0.10551763706279436 0.2685990335393566 0.5847628259450401 0.00030386952192754205
62.88474923740207 16.072646617452016 1.4094360730341822 0.5375707005944872 0.3016907592363637 0.02025723550010334 0.2428129165489325 0.7087809874531836 0.0004587999500076112
117.05674095440608 23.265887457592548 7.038652159897296 2.2884085010403146 1.8124344969771857 0.05735730882955846 0.30824108654301097 0.6062910172080114 0.00029479200937298296
51.86233779511984 9.838701694773883 13.942035003720564 0.5504548658367409 1.4938352359942046 0.25663620641401247 0.4059476273745336 0.5104962918964602 0.000203143565158087
57.83437490261359 21.590476874352547 9.254674964982911 3.749562785622921 0.5812073201396948 0.06882035136391303 0.25443097764283085 0.48806126753714035 0.00011176907715901276
81.7376127337872 36.62643985949616 4.7577344507700525 4.487932169473754 1.1528365293816938 0.1613139117654226 0.2818709948457136 0.7495443153382428 0.00037090797914253476
89.3613700474202 25.391629763691846 3.448469010170492 2.5370015360648814 1.5485594571930292 0.19504364219594772 0.33062846121380257 0.5317245234387024 0.00011780430940677062
82.49958764492587 15.348584884939397 6.994130693790647 4.897434685972487 0.4936462973815914 0.03267181714260883 0.36273193427664996 0.5655218046467523 0.00016592705646850125
118.06467296224811 24.251074854299993 14.485627198676891 2.19883843788751 1.3131048701730776 0.2529431913277657 0.15914407620032583 0.6638968694424713 0.00018580455035885853
99.46618070625611 50.54180491123012 14.95198938754243 2.65707124821474 0.5707462674938213 0.10604008007736225 0.3240398995761224 0.45820191436315083 0.0003145458726252542
80.6713090199101 53.101906441319876 8.863633716056526 3.861715087179438 1.0343858664386676 0.1541097855352957 0.2787633791196926 0.5887233127696263 0.000123765460198134
117.25284453619791 41.13374566846254 2.4484965602075808 0.7610278993338309 0.3413580336517715 0.12267984397366882 0.4469693290732558 0.6684003610841727 0.00011323347092603107
43.693040538488205 47.26668351667309 5.341584671998041 3.070481456845005 1.7206420247594332 0.20738957257710844 0.3037215473016051 0.5596031467473777 8.32613022364909e-05
50.27195906790412 40.99442992586472 13.12851452479672 2.430443782103694 0.504515719279764 0.137563377472383 0.23561862150315893 0.4791201084237113 0.0003195138967360787
105.97337964549779 34.72005789816971 1.0481114883747351 1.5720555774139322 1.679020674818921 0.1706779234974147 0.40791128528096376 0.5481808070754541 0.00036605570311128366
35.51442141285965 20.59159181586378 9.429219461587273 1.3362481666307624 1.965835186110274 0.24458671626223724 0.27347218512689797 0.6047052629011765 0.0001373996581738204
30.90185260448662 35.655608213097565 13.542364081883544 0.8688597372194408 0.7535700399323069 0.14042138989829248 0.2517504640807003 0.704149686017823 0.0002589350048339828
107.95397162213376 21.486018298365746 9.715741894595514 2.2957052863929275 1.228332589572896 0.238737590124212 0.3855899921724464 0.599247320384896 0.0004600272223405795
57.13782191684113 40.30353734378275 1.0544104221529826 3.519325959996984 0.42831978289157346 0.09278771734016869 0.35581917339628477 0.4601315004318932 0.00022164359118977519
58.634079333840404 35.74781726733984 7.385633251623058 0.7894802208398584 0.7148528158214156 0.02679412334594759 0.15716033461331783 0.6464450581441623 7.658662155180165e-05
111.01870976296314 52.16989451562653 12.931374182570075 3.8192453897842364 1.2621436714354985 0.14522838934766877 0.3568618137954085 0.5702038524068209 0.000139502337797782
102.62409303132921 39.70915313497585 11.171332801647921 2.7687350429895474 1.9990877647149679 0.1628052173211353 0.22801488738832307 0.47274768260175226 0.00023445531902454607
118.69459421845856 33.05235301502947 11.926703737589808 4.530773846047776 1.4533068171616825 0.12677939755079684 0.2106761392927668 0.5135879503144196 0.0002910608552133858
64.1353669297296 11.283720145679276 1.3651621742195297 3.2769085672902074 1.5536470911364093 0.23118740812417604 0.3768742856661597 0.5844313522687928 0.00039014077862622093
35.43498095607205 24.31710377381205 3.279757696078741 0.45297908439238355 1.2000312990443553 0.19285761671674573 0.37186703061596926 0.5358866742947411 6.23835284025732e-05
114.01731211640724 52.59510407556408 13.454188492348528 4.262987238059869 0.6238077904722384 0.03947906626424609 0.4302396430134511 0.5396619106804579 0.0001508410850205915
46.81354999801811 43.55982251173762 3.6104441937618676 1.0125009703444927 0.48178353365776216 0.2039370474631955 0.20926640810569413 0.539922819259129 8.994344061610835e-06
42.59746038744489 42.16576346676073 12.606125812263365 4.401214438715056 0.69786598201128 0.031312816496655016 0.26521863773121607 0.5925989136526243 0.0004973205454246352
60.90904664843142 16.40439596813784 8.402801414735269 1.2626609565917584 1.9584418992518824 0.03827564418182171 0.43540721292103446 0.5536421350086923 1.0855837278907502e-05
103.49321478921703 37.50700831773765 10.297233701469834 2.163720720717556 0.8984742235788121 0.18377545495414946 0.18939673358705544 0.6518040640112801 0.0002929842983067151
65.88757839610123 19.801956010712644 14.454885361599068 1.4165558461625183 0.3993893954247996 0.211670035062016 0.2411237214945124 0.7215422655361712 0.0003973738369987519
82.6170060768885 31.63282800409148 6.336001438629799 1.5543865399662073 1.8072254776306187 0.21483982616312924 0.3358476234559607 0.47171941295223124 0.00032676828882703804
93.36570374734255 28.686779039938905 13.379102256317662 0.5857705990054709 0.351488338081291 0.22843844739925584 0.2837991681613887 0.4578871444816827 0.00029464207821573306
68.85853595685458 32.90759132276615 7.958864545567383 0.8240682112852282 1.2644155777443111 0.167146782541944 0.3401173827580765 0.5730697783910892 0.00022601715134240894
89.76916042253583 13.253249559086864 9.95038324304085 2.041652698885742 0.6678795232366566 0.15826162727190418 0.36361796238801647 0.5238286608622909 3.1328998096620065e-05
56.35403405045936 32.78541508015746 4.706965417450901 3.367627774832506 0.681600387912922 0.12397382201195631 0.435165609712752 0.4590126451250889 0.0004819514212395756
43.05331982526191 9.100821992957226 5.195874895633886 3.405075647325837 0.9829814833120634 0.03857935224763617 0.42402539947791773 0.6098956900860264 0.0003098506168169994
59.095194050725134 42.75657326388553 9.592522152909652 2.9582968905571208 1.8738086129225557 0.14445487552199032 0.3207925699492767 0.6932671266611338 0.0002537665774888786
90.23565856518245 19.214428982181552 12.690130181642035 5.023492998237338 1.5630344098823392 0.09051353667661918 0.3509588365637014 0.5330625987247914 0.0003621156305848125
63.77870780672644 22.87450617424917 4.4781424825872795 3.665291884232936 0.9394082184086454 0.23149997029043973 0.25983111904936274 0.49061641478101753 0.00040238479803221566
42.71266040662428 41.82044115507085 8.909764887171074 5.295267630620824 1.7725040298164634 0.059557584476747555 0.21308702767948523 0.638237630486987 0.00032572500512477887
68.5515823511297 36.11529118993073 2.602965094038593 2.306844130943177 0.5625170162112914 0.0701425295515498 0.26754237955336885 0.5531010556402234 0.0001337622754235969
30.245879454763028 18.614086474642143 7.284128627272292 2.8876108347865856 0.3745459863354212 0.022706831669819683 0.19548347296364382 0.615496844914351 0.00028350306580287536
91.98925436398727 29.489325461481 1.9836016490767958 2.206647504147192 1.957475391026534 0.25910313673132007 0.1523511990461799 0.5924121412553807 0.00013342256460017
81.8532366132836 36.49963750676241 9.178516240902441 2.244126352754592 1.6559045573578064 0.20043962195379256 0.40736514879704266 0.6380496677341513 0.0003297285821604096
64.98755532764767 35.39973948757679 9.202570959797448 3.2600025400703196 0.8910717748460839 0.15580451545947197 0.22359911428029888 0.6111565040619868 7.519367013573862e-05
60.5188050744586 22.52284239402793 6.197769037998461 0.6684181338280919 1.7608443079846283 0.16237861608808737 0.2809134584049243 0.5424891241649634 0.00040883915542406276
62.30462072172825 26.903008677379 0.6423947908330362 4.908951043875957 1.4399237899487372 0.20309044220765163 0.295000662282656 0.7162918850197296 0.00024707109331324826
53.916669175597875 29.825951179673574 2.7322966055247697 2.3993603492575004 1.7762752177067391 0.18311453454602558 0.2742907150818337 0.48577340585643697 0.00021934436903562395
63.91603877798725 34.65142185581418 1.9742622003865125 4.302887024633961 0.8511109689741354 0.24898261768411453 0.25016416450270174 0.6217189826398003 0.00021748017926176647
51.47809250663164 21.737580013191977 3.8652670762896686 4.196893744731517 1.7339871659020645 0.0482151231063612 0.22163081873305224 0.6471678992519212 0.0004005553141038259
112.38925138762218 14.588356713136967 10.405618306761673 1.3669011298619138 0.5965003091326408 0.09068245930395276 0.21012682763312648 0.6007768516152526 0.0004901990108692911
69.51732139025776 35.33978729714528 13.371403156617081 4.658258789625032 1.7349260995325104 0.16854599196355646 0.3465810006134342 0.7044612219175206 0.0004577705604778667
54.462910205521126 42.848033488794634 8.132078812535696 4.620517471878001 1.5666859050352862 0.11256870741166806 0.3388546492427931 0.7074023534763723 0.00032735813698187894
92.66597674979161 9.675814430556189 4.399670126987767 0.4218799219879843 1.0212109996627154 0.22877136043101204 0.23004756448372554 0.5933222428094198 0.00021371239268887232
97.27891975750026 42.910149862562506 10.51505394735698 2.57364339537638 0.34059820582754397 0.2134968752764134 0.2551308124748739 0.5779456487673498 0.00022927375675084645
51.9613910954876 28.39759560589305 12.906054248597142 0.5947941705835845 0.5433539789603714 0.1238519250758898 0.3024166736018844 0.5094921975542963 0.00010934676940049738
119.7423136767827 39.946930147184624 14.88380744334692 4.690747635188883 1.11765249090686 0.1285749152067276 0.22313323368847604 0.7271711237311826 0.0001712222562070551
115.64985330070915 35.0117532681093 13.803209518412894 4.995896591591758 1.6019227773158358 0.2037229306440345 0.23921483784932396 0.5571040979650306 0.0004916815235938974
32.573317311197584 20.391327450165633 1.2242483749469875 4.517661443842083 0.9185985258933012 0.07265475218443111 0.22012954594825457 0.5668530787938661 0.0002288954899688737
103.25287576943555 30.072891811407768 13.970336472803883 1.8097750231770182 1.7008640855637185 0.25903987912410054 0.2981791432775891 0.6222854401122748 0.00035394796297583266
113.63320989168899 25.594688953294543 4.197446334575818 1.3288691995848783 1.0459110821859936 0.24165120307997331 0.4380183515265498 0.4820268995359441 0.00020396544949802554
110.16500402386701 46.68322994680057 7.570833594129975 2.787559651082375 1.0716851547632416 0.15927020970283556 0.40316911421646306 0.5275311234248272 0.0004817734774773652
112.13617340170643 36.40756738007073 6.64968943931961 0.8588135970021168 1.9548240183635623 0.07726254574902641 0.3006329348861011 0.7245366256264953 0.0003941879929119271
84.66278428749433 9.206291673002868 9.972787563267659 4.27705456470635 1.6518261844134878 0.209000347380762 0.2046837795834123 0.477502402197607 0.0004521967655609894
67.39036009697804 49.53933862547141 10.904745243556313 0.33850462964597733 1.5554437487111834 0.1425336513416355 0.2529050421839464 0.6054564523938158 0.00017634095834225693
54.652191649730085 43.606987863407966 13.303821816013283 4.714797338876447 0.8234807798198995 0.22826374515638187 0.4437179132714629 0.7461108764686324 0.00012866063735361813
42.68662025654479 45.4999182356538 8.47797040051847 1.9037649220410828 1.7601368594769726 0.09103458201000546 0.23107379778002138 0.7490857262084261 0.0004985647756762413
100.26245536000205 20.088876942437278 10.598878711006162 3.411482151379901 1.1745556159625623 0.21686301736914462 0.28230264955302686 0.458749422311509 0.0004712986267558297
98.30045033247458 40.5535456439637 3.5655751028166893 5.129880182138387 0.6974111132258565 0.24558142955579096 0.28886831492291154 0.6947728080980174 0.00046070390692787554
52.52650040028627 53.51987223377175 10.947072658160858 1.1209302863157888 0.7408960925754771 0.13992478076050746 0.1834148382924436 0.6838163535299058 0.00038094887567812706
67.22160940993109 16.29952370874133 14.992921009802215 0.2761278374211903 0.35517080759206127 0.06774728966675465 0.16513855033036817 0.7290918177594649 5.378453196613955e-05
79.08223464462296 34.69911561266757 8.385544430871933 5.242972996782411 1.0539532904873274 0.1998345992242466 0.3673650116222996 0.49768620474123576 0.0002665303045694756
45.26318036488694 35.14672070784317 5.659742632925374 2.7576128022266206 0.9468193913601459 0.13136492278472564 0.40442776663375835 0.6961891265244506 4.1748020383423045e-05
96.45952214177132 41.15884192251906 0.30374645674589684 3.8052905854322665 1.8130745396492443 0.10802067608626133 0.34590065522835167 0.7206776666225911 0.00046296787614571707
57.939507427863504 29.113698811134203 11.272220173786632 0.7133777019977503 1.6057918588460116 0.10227487555776459 0.17578859329642024 0.7189845220020056 0.00019217888584453714
70.41751506450288 18.908507047735583 8.10583693873796 0.27019403312067525 1.2045607457861165 0.12491691822188179 0.333943594936901 0.6769593009389229 4.624945924346642e-05
110.40574651766566 13.649160790295841 4.698935414127332 2.726636398024745 0.7299496807083472 0.0589993014342442 0.20014920921943782 0.4837809923635167 9.745470999194561e-05
39.697999602468876 34.910083079559534 0.6205823647834863 2.443340821895084 0.9734253759317235 0.2447583269850851 0.21054015453737956 0.47159607411426546 0.00047044939316814014
68.29945759940914 40.57162936604895 2.2799069375346024 4.1390646215906735 0.4460836254920811 0.09872631145440433 0.43834677568077196 0.46437090032554545 0.00023939505512541947
74.30496430646829 11.220229152286098 10.744528474215798 2.329512674574706 0.81294018641736 0.25167491078645077 0.35518415075751175 0.5036751065135642 3.0507130473408412e-05
117.35973040488264 47.30420157654751 6.628280023123661 1.355182515813445 0.6576117023310821 0.13400468541696753 0.18282472027449703 0.7230984816880675 0.00039136848114375956
44.433100481944734 31.576908299141326 11.428808625933627 5.073165176996432 1.4270501356472496 0.056314323669995114 0.3847614583115054 0.7332559691578904 0.00013221504381841708
94.90631097595491 53.32464206174724 14.332750797510938 1.5689223428813868 1.4649865813223082 0.06189719278831379 0.40647680443020207 0.6253468682718683 8.968239464422595e-05
65.71725714766586 48.67882984465298 1.792685289370294 3.975276910441412 1.1806006826248432 0.11050074698076162 0.20274627289022118 0.7322244268097109 0.0003181169147016288
112.87816211783081 12.085515175534152 7.46625628979033 3.3625024205245335 0.36753970842346584 0.24694751386857308 0.35255885418208144 0.6848745230295836 0.0003339525939789452
61.35371513531638 25.548887550821977 8.852416387331502 4.292786914486027 1.0318092963936567 0.10096139948780603 0.36220290464295024 0.7390259608772611 0.0003168274077827467
76.35237302770474 53.88263161648602 12.481557771980523 1.784546386132604 1.7061517713576662 0.08354825794798838 0.24016088950973916 0.47199957188546926 0.0002601345483341176
74.69252905006658 40.85941548674044 2.700753839054267 2.97186806712306 1.4622283484131797 0.03558247723395627 0.37619707969191873 0.6213150432069215 0.0003884665496691607
109.8514364502942 30.16017558816972 5.605338679690798 3.4459300074810164 0.776838680699689 0.1548898946753598 0.4274827208594272 0.6026876071961735 0.0001674519220331297
77.3773337552104 21.275225488914284 12.203005710809155 4.135800176360962 0.6860031612172162 0.08296396405666182 0.26843407779927614 0.6572378706834989 0.00042280378537754536
33.4815809723861 24.57619340739965 1.0780994251823972 4.380606735582361 1.7272087427260852 0.24354636321803474 0.28573795532427015 0.4964083067666986 0.00037060717664002613
62.71910551103843 22.802139026976242 13.998510286615513 3.8428453182708426 1.5067812671069785 0.11321250106393518 0.21181788765731618 0.6855649471701799 0.00043077335204423823
46.46322242564507 32.30050309079103 5.566260719512263 1.0938753459320225 1.9892309638216028 0.19263638119934706 0.39479077663911594 0.5116586057561037 0.00010505649789882284
45.360980792565805 27.10365972882874 12.763966572897644 2.7811906395198607 0.5334468668267922 0.045520478961790144 0.38584811227055005 0.7003613769093804 0.000355350435498264
102.39817176041723 10.140436307152985 1.8452062601752257 4.881031293407938 0.5395839434220815 0.07511690348074239 0.3376969414552591 0.4967496677350512 0.0004959566380890967
41.73756699028339 10.168620727737919 2.3048330618294814 0.7772301688754092 1.4639318334824973 0.14071145202050817 0.16400232976694057 0.46983905833796114 6.487193552728597e-05
38.76847869165227 29.264170005977103 8.092821660138622 0.2843054776102117 1.9009702818966505 0.12693114104296643 0.43369535769244527 0.616661136224486 0.00022774696655763764
103.0912196413083 25.60682550121415 10.660784086461016 1.379354923668136 1.290654856283231 0.25968714507024854 0.23944718206022292 0.6803174367903586 0.00028022719379042644
46.879968073043955 18.142788174263007 4.1047259358537875 2.5537808995096642 0.4703291604766523 0.15994708595958648 0.3862942756766406 0.6318215131562654 1.4055332077133685e-05
85.77734337213452 31.60803722290275 6.489029547849313 1.3218298011386043 1.0924903060420057 0.14806585018683968 0.23144914213912568 0.7130259599105743 0.00034678346991781704
43.61156057016003 13.095636259883635 9.124837702798814 4.372760400419799 1.5124828520703675 0.2530608470979167 0.44922097812636674 0.6387802034136476 0.00024887770115219256
44.24138737895932 35.22013436750058 7.342826362915692 1.1745581625802013 1.1548667103216805 0.14825455467894014 0.3349446280556384 0.589911425073598 0.00018899975967383488
77.29218238438155 33.31244055994613 6.530203927572183 0.6749098859593997 1.4470140025395724 0.07668088814018757 0.2670759456376469 0.6361100001533624 0.00032835756541118026
54.55803650867222 19.717170582760524 11.896250341214872 4.146627634733773 1.5944054961892302 0.14211809071468856 0.23604533870429384 0.5782006429831683 0.00045718041302440153
85.3386220761696 21.783831948832386 7.81647689174179 3.096485776828083 1.1775237029432424 0.09782076979559418 0.15638639358237974 0.49521655594815994 0.0002695758545356264
74.09012374055018 33.827928024458274 13.567793661821915 0.6827414394142962 1.250368995710629 0.020732731011487288 0.2996733706246343 0.6622996214377914 7.568950999087901e-05
69.81368437161805 45.76505758988018 13.837617468132578 1.4940556921945147 1.6533040683188442 0.0921022676669194 0.20149727049173538 0.6243938836852045 0.00026356146841304776
66.17122976160115 15.572446358359901 4.909637764186017 5.005854357021865 1.7156144588554634 0.17028272487783014 0.18146038933400466 0.7393839850040526 0.00020045077744278934
114.07545113572635 54.12167903074157 3.806908608417479 4.460303154620124 0.33735764818850306 0.027106725683143613 0.3136268060806525 0.5415905337669409 0.0001646766541508157
63.39163996430864 28.963451016066028 12.21814132719282 2.4209555237131024 1.2188569191355723 0.14488181192371818 0.2412615815023652 0.6675048508619863 0.00035481369159008104
49.98843072910453 36.93993412823531 1.099340029753758 3.2872760890872406 1.0442261428403494 0.2486192092370962 0.293717011395411 0.6592966781853734 1.2443420458962558e-05
83.40111005549915 46.86003144906418 7.252434412271729 3.520669231736036 1.7093142029970927 0.2258311809209747 0.16632731888782457 0.5013284959934932 0.0003805459393862997
72.84664169082617 38.65334234626253 11.000921670632836 0.48885591622323776 0.4463513165493232 0.09771344281051725 0.276245855375613 0.5694484848182191 0.00039804070602856217
119.08371920859068 38.02141477833142 7.058997109090079 3.6051523071478737 0.8134345798391998 0.05166863411139222 0.17339574204630254 0.6158564776969533 0.00024400997036125497
104.37117113949293 27.05258973525473 3.549677099751831 2.2474650390877375 1.627041563385947 0.15144846732802877 0.1883250183972433 0.6933810014989396 7.289487194700571e-05
74.73699611732684 13.741800412519126 2.1281050296273243 1.6193649444851241 1.0495677796408631 0.11696200775839621 0.15895352449132064 0.6670944504146938 0.00044909022491391803
105.56690378591276 36.647364738260976 1.7419882393698947 0.846787094282098 1.1475042860618396 0.13352668394661985 0.3372237387868424 0.4828289648274375 0.0004010621735335995
91.85519811842943 32.70305610856309 10.106876800477481 4.353591095672994 1.2630952114024026 0.19896126653260368 0.1952439430170898 0.6468449020393751 0.00020763099709817192
109.38177394839789 19.005465046774944 2.396068885612634 1.6451775264199051 1.8602223920994128 0.13947126746133806 0.40114879615612864 0.456797016811937 9.88598188289235e-05
42.2866911559569 52.19910496613091 0.9335049837003503 4.228241150629741 0.7888958230605827 0.15026233311888343 0.3784307521106618 0.5171564750875679 1.7447266492145575e-05
76.70885485163834 30.636577379716798 2.752869925479714 1.3331120651163368 1.036457898430349 0.08927977170446172 0.17601687030223434 0.7156563812420675 0.0003857901049866673
86.52330148826016 14.681955334524375 1.4570705116807636 5.02928190284652 1.1976398360241247 0.16214756230898536 0.15289378927874975 0.5681823777192533 0.0003309432126868981
60.064140237781956 12.60872850420957 6.66735206581675 3.7334853955154617 1.5086981379895972 0.19523169603458457 0.4089900676362743 0.5635816587824674 0.0003152614023316936
100.33884519990129 18.41359479827594 4.848303896081218 0.25790079679304384 1.2662163914614109 0.024848906248205856 0.39718979834836726 0.45179844390879115 0.0001578288458005935
65.18914546278006 27.920704674292264 6.703743276707791 4.060682610111413 0.6186260911589128 0.027431372991231558 0.17684342910564546 0.464644220486216 0.0002464860614056113
52.48677085099206 19.377698699626414 4.783821157425152 4.324302829651519 1.677764318140213 0.11804288435040211 0.2936040428528735 0.6190899320468153 0.0003379236921580547
37.67926649898241 37.05458389358036 9.88965063416677 2.872682019546543 1.3711337860478323 0.08375555521833176 0.3689937310182757 0.5120783907185361 0.00020639067816246334
101.42503088118912 16.209485570129615 11.947281473766507 2.3543306671709057 0.7559255862474852 0.0341934312054577 0.22711590773130896 0.7324999279842447 0.00020977884968321686
112.68872452147438 31.45392704075201 14.729636606104108 0.22893391886348846 1.0741273301450989 0.08048587526379518 0.27123796864095207 0.5281693325524962 0.00013665906115730578
66.00928114819524 51.54427351642142 8.35697841103134 3.9879211644087085 1.4682288602876203 0.24935210423835164 0.19437639689012903 0.7160764192764001 0.00041946926942111124
93.96842050739008 17.924507454256073 2.1953956560295884 1.5597998865667895 1.1958386572205244 0.04862916864652401 0.20712521613831017 0.5373819086387027 0.00020169072173995654
31.36650640588681 37.333885523868915 2.9259054305127634 0.18284318513385117 1.3047846277025892 0.041749259461108135 0.44152249824284295 0.5082113352665437 0.0004304888450240739
99.99500273115538 38.58590503014105 7.987795558554463 3.2278441914548766 1.3660691435845072 0.023820322522422645 0.151758370023566 0.5376733522492033 1.812518341452768e-05
55.878838017123684 11.696247740314497 0.4587953114721902 4.727075347915429 0.873635704038904 0.05595141019495681 0.3603404161335272 0.6602520231479063 0.0001825121745262584
34.168053996848045 18.806340686876574 6.4485389539294875 2.1399211538266925 0.4181111488391814 0.07135057474117479 0.27759620978551236 0.6527044543606327 0.00024817510438028567
78.35226132915689 11.033147388777664 14.463813530497418 1.300911999199775 0.32917890810005107 0.060231352685727116 0.22747290057423863 0.6126970732812119 0.0004358730978186593
108.90443750059627 29.941682844230314 2.089595230790219 4.124676192819165 1.055828621130844 0.2061515305847349 0.24900030668987833 0.7063365155114425 0.00037787374970231334
74.0055370335669 32.16658184687366 2.637200593739281 2.4636341779600466 0.884945850284329 0.21292185079580303 0.320167829758088 0.483960946181157 0.00010100016170753723
112.93386880784246 42.53308501365103 11.879825290428826 1.280354432818946 1.0975506716596244 0.11031063050575732 0.23675302706022705 0.6168634718419468 0.0004082801603662534
81.34625905402439 19.331570972420494 13.33176748587893 2.2269753981989675 0.5951460913290685 0.06308275545122921 0.2524382916156767 0.6345428354550419 0.00030199116815110127
88.89884935916068 44.654308931352475 6.346352072103136 4.614881808545039 0.8380843918314753 0.14622898253957656 0.32282143541418284 0.48509675524930984 0.0002797364685014745
54.09322356755884 24.211452688856546 14.046592317696918 2.8647340405944566 0.5877961742009619 0.06335456634490687 0.2667201592712257 0.6339641885192522 0.00027810333449302895
37.99984914683187 16.31822606083466 12.70291474491329 4.585249531479019 1.0078985859384366 0.20085310325253106 0.32672817298944934 0.5347876768750409 6.250830061238403e-05
71.88373835215714 29.9774313175962 5.580555170274424 1.9362725683227915 1.6701076450129864 0.056896833225613036 0.359146770373062 0.4661642245731223 0.00014665106628232804
78.31646826516098 23.079975532095077 7.452622736215253 1.1960239297933872 1.1091083285507168 0.058248033412433606 0.1726382762318759 0.4866692821077662 5.636754841395997e-05
47.98018879912719 37.652093495455254 10.015517155875711 4.527873072048074 0.7328565624289347 0.1679102261345695 0.2845175529038799 0.48031951378732113 0.0004137781625097829
93.87133524500015 19.456816968194545 10.517833440777139 3.8309535626634466 1.5661727124906084 0.15334998614602577 0.17175600586388684 0.4586807865461186 0.00037273524542417904
117.77360376398698 38.74037961005462 7.017049053429104 4.936078221610845 0.5785475316087991 0.09251847691312808 0.42031515606800174 0.5145632041191983 0.00015439485383880283
63.631470609607476 53.72312688864349 5.239081018491033 3.2455902302586743 1.4025121829230487 0.02309515348574223 0.22331492408439996 0.5250479822407101 6.113287286076027e-05
73.61258828807308 31.225777729236377 0.27781020914351895 2.984726400337535 1.2995017152726323 0.2244308519807673 0.26436456619357995 0.5144542834122647 2.6829491740516887e-05
95.35257951389637 26.127808506860017 4.645118337591028 3.3324996730151293 0.7217417443914069 0.11149683510258891 0.412378915625521 0.7347526846602994 0.00043452515325533556
37.2776793083288 34.52761298272789 14.765632237920935 3.434184431507839 1.0135089070889258 0.08672758880917701 0.15609222975976433 0.6585222517890855 0.00027148821704998824
89.43204870533081 42.09442987480562 5.585782811489332 1.8426668869727603 1.9320527966892596 0.2465567474542464 0.28039485314805057 0.5056175183290894 0.000348312282998044
119.1719474291072 33.27080410389328 14.272871232806601 3.9481512713659317 1.6763720007854246 0.22302435175272164 0.16783189672021775 0.633864032000162 0.000440371605372469
99.7634925684614 9.54200401787423 10.701239725177805 2.9080693938011795 1.2817200055545905 0.18860814282571978 0.3096955813113848 0.7419535598713619 0.000370297729084302
60.46267564461786 38.342849796960564 9.356573146594005 0.23466302323363997 0.6198188825435257 0.2430188731320942 0.24190383329612825 0.6552194316598576 0.0004965866511790244
49.37135241787472 46.919721990617894 3.1884632966742235 5.084962981878065 1.1357423896132632 0.021262415059530127 0.3647389970204974 0.6084337821447118 0.0004884748718193715
83.24767872703228 43.76361762932074 7.405664447161441 3.7905113935922685 1.8026320019594695 0.23059832437003555 0.41355535359365614 0.4788887440088254 0.00048003987731700743
58.54559648880638 32.83841216873971 4.051878443647664 4.970657465674452 1.6469966585606743 0.04687264669879899 0.19441619978765431 0.7068700737249365 0.00042764282575248077
31.077291886694578 52.8726850596067 0.10766159549613916 4.978716664653106 1.0646816459373178 0.21565191222567107 0.25663853110991885 0.6975929317454173 0.00043320185116300436
103.33829067258559 11.523774378038459 6.47564867429977 0.5291124143010626 1.8921007885633812 0.2479195520105281 0.41636090706037787 0.7196507847332735 0.00035258604037260007
